,お遍路の番号,名前,名前（仮名）,正式名称,宗派,本尊,住所,緯度(北緯),経度(東経),電話番号,徒歩距離[km],車での距離[km](使用道路),駐車可能台数,駐車場,駐車場の位置,車でのアクセス,JRでのアクセス,ホテル,トイレ,徒歩距離(m),経路情報（エンコード）
0,1,霊山寺,りょうぜんじ,竺和山霊山寺,高野山真言宗,釈迦如来,徳島県大麻町板東126,34.15944444,134.503,0886-89-1111,1.0,約1km (県道12号),100,境内,高松自動車道板野ICから県道12号経由で約3km,JR高徳線板東駅から徒歩15分JR徳島駅から徳島バスで45分、霊山寺前下車すぐ,休止中,和:洋,,1400,mwnoEuc}sXJ?z@Z\D?h@@|@TtBPx@rAtD\pALh@X|B\hDHtABf@Jf@Bh@HTBTRtBl@hFRdA\lAHPx@vCl@xBx@vB^l@bAxAx@v@GHC|@?\Cn@e@Ny@TOx@O?E@In@
1,2,極楽寺,ごくらくじ,日照山極楽寺,高野山真言宗,阿弥陀如来,徳島県鳴門市大麻町字檜ダンの上12,34.15602778,134.49025,0886-89-1112,2.7,約3.8km (県道12号),70,境内に隣接,高松自動車道板野ICから県道12号経由で約2km ,JR高徳線阿波川端駅から徒歩20分,一泊二食\6000(要予約),和:洋,,2600,{bnoEmszsXLq@H?F?@CLw@~Aa@By@BsAFITPZVn@^dAf@~@\jExANF?DPn@Xl@rAxCN`@Fj@@t@FnABNLd@z@xB\hAR\^Tf@T^\r@|@lB~C~@hBx@~ARv@Ph@r@vANj@Bh@@jATrC?dAOrAG\?^F\Lb@h@bAHZB`@`AjBnA`CTzAJ~@?f@Cr@OlBA`APfC@f@HPFHMLQV_@v@Sr@If@Et@ClA@d@Fr@f@hDRnANfBL`CHh@BLHNl@VPL|AhAHARf@FTDr@Dj@Hh@h@vAj@lAQ@oAMG@ABElAAfAALSAm@CSCc@SOI
2,3,金泉寺,こんせんじ,亀光山金泉寺,高野山真言宗,釈迦如来,徳島県板野郡板野町大寺66,34.14727778,134.4682778,0886-72-1087,5.0,約4km (県道1号),10,境内に隣接,高松自動車道板野ICから県道12号経由で約1.5km ,JR高徳線板野駅から、徒歩15分,休止中,和:洋,,5000,mlloEcfvsXl@ZTDdADB|AFtDDXJLROZS`Aa@R_@X@x@@FCFCDBDBD?DA?F@B\Rn@XjAlAPN^R^Tx@t@Vj@RvAVvDLxAAtAM`AYlA?J@LBxCG`BAlAD|ADr@XpBv@vBt@|Ax@lAp@fAb@x@Rd@TjA@fAGjDCf@Kn@a@fBDzDHdDLp@^fBBh@Dz@HvAHf@dAfGp@pD\lBHz@?^UrAKh@Gp@@j@LtEDZFRHXDLf@j@iAp@a@Ca@BWFGDGj@W|DGt@Qx@WlAQjAIfAa@dBIx@GtAm@`Ec@hEQ`BGtAY|AMVbA|ApAnBVf@@J[FWNk@`@gA^MFGRSrFCj@EHe@^KXFfBDp@DRFLHLD\Cr@CbB?RU?[A_@E[I[Kq@A[EeAOg@Fw@N_@Pg@F[DIFEN?b@Ch@Kh@}C[a@AU@KJ{AImDQgAIyAOgAIkCLWCGMo@Yc@QIMCS@a@ASYC_@S[KCA
3,4,大日寺,だいにちじ,黒厳山大日寺,高野山真言宗,大日如来,徳島県板野郡板野町黒谷5,34.1515,134.4311667,0886-72-1225,2.0,約2km (県道12号),50,山門すぐ手前,高松自動車道板野ICから県道12号経由で約5km ,JR高徳線板野駅で下車、徳島バス鍛冶屋原行きに乗り換え羅漢で下車、徒歩30分,無し,和:洋,,2000,wemoEobosXZJZP`@F@JAh@@PFL`@Pn@TJJ@FJ@V@^CdAGh@Ab@DpD\|H`@zAJfARpF~@ZB`@Cn@Ml@Mz@UzBi@l@UVWJQ\iA@WT_AP]^c@b@UvBo@r@WP@dA_@bBo@rFkBn@Qf@GdABtCj@tAV
4,5,地蔵寺,じぞうじ,無尽山地蔵寺,真言宗御室派,勝軍地蔵菩薩,徳島県板野郡板野町羅漢字林東５,34.13716667,134.4323611,0886-72-4111,5.0,約5km (県道12号、139号),30,境内に隣接,高松自動車道板野ICから県道12号経由で約5km ,JR高徳線板野駅で下車、徳島バス鍛冶屋原行きに乗り換え羅漢で下車、徒歩5分,無し,和:洋（温水あり,,5300,}kjoEekosX~Cp@`AJh@BlBCz@?Z@v@C`@A\CJV^lAXhBFCJj@d@~CV~ADAHf@jAvHfEjYNhADx@AhCCpIGhM?|@H|BTlBRdAXdAv@jBd@x@l@|@vCdEZb@|I~LzF`I|@vANXRx@Lr@n@rERbANd@bA`CvAfDd@|@X^bBlBbDjDXf@FZFlAt@bOVzEj@xK^dCVbAf@rAj@jA^h@jAtAp@h@v@h@z@`@x@XxAXv@FHjADz@?VBx@?^Fp@PfD^tGZjBn@|CjACb@BLABNDLJN@P@fA
5,6,安楽寺,あんらくじ,温泉山安楽寺,高野山真言宗,薬師如来,徳島県板野郡上板町引野寺の西北８,34.11811111,134.3883611,0886-94-2046,1.0,約1.5km (県道139号),100,境内まで徒歩1分,徳島自動車道土成ICから国道318号、県道139号経由で約3.5km ,JR高徳線板野駅で下車、徳島バス鍛冶屋原行きに乗り換え東原で下車、徒歩7分,一泊二食\5800(要予約),和:洋（バリアフリー対応),,1200,_ufoE{wfsXAoAEOKOEWW@i@Cs@@VlAd@~BDNB`@JhBT~EFVBh@FjBDjC?p@An@_AfMk@fI]|EOjBICI?UBm@N[XOZOXMHQBU?g@CAD
6,7,十楽寺,じゅうらくじ,光明山十楽寺,高野山真言宗,阿弥陀如来,徳島県阿波市高尾法教田５８,34.12044444,134.3783056,0886-95-2150,4.0,約4km (県道139号),60,境内まで徒歩5分,徳島自動車道土成ICから国道318号、県道139号経由で約2.5km ,JR高徳線板野駅で下車、タクシーで20分,一泊二食\7000(要予約),洋,,4200,{agoEsvdsXm@|EKz@ItACvCApFB\@DOJ_@TKJ]\Q\Oh@Kt@A`@@jC?dCElDEfCChAWlEg@jGkAjMKnAIzA@l@JfANn@Xt@vBjEPh@T`ABx@Eh@Uz@a@p@_AhAu@jAQ^WnAGtADbAZxC\nCFbAGr@M\OXe@r@o@lAk@nA[|@Sh@[pAe@rBQjAC~@DdAN|@h@zAvAhDVt@NhAd@rF`AtEf@jCL`ADz@NtETnAN^vAhCpB`ElBpE_@TSRMTKXKv@SzBCt@?VC@OB]DyAR]HQHOFYRSJE^GDUBY?e@G}B_@
7,8,熊谷寺,くまだにじ,普明山熊谷寺,高野山真言宗,千手観世音,徳島県阿波市土成前田１８５,34.12288889,134.3400556,0886-95-2065,2.5,約2.5km ,50,境内まで徒歩3分,徳島自動車道土成ICから国道318号、県道139号経由で約2km,JR徳島本線鴨島駅で下車、タクシーで20分,無し,和:洋,,2400,gqgoE}g}rXbDf@X?TCFED_@RKXSNGPI\IxASl@ILE@FN?p@Eb@CtC_@LCDFFJTXh@\f@NpAX~Dj@t@P\Jf@Xf@`@TTf@|@tAfBt@pAn@jAd@hAv@hBR`@LFj@~@DEvAQPAL@b@@HDj@BHK@Gr@VRDXHf@Dj@?tAEXEp@AlAEn@Fv@TVLTNZXXb@f@|@Pl@HGDLFRnBfF`BM|AMN?DFFPFNB@hDS|Im@l@ER@d@B^A
8,9,法輪寺,ほうりんじ,正覚山法輪寺,高野山真言宗,釈迦如来（涅槃像）,徳島県阿波市土成田中９８－２,34.10422222,134.3334167,0886-95-2080,4.0,約4.5km (県道139号),30,境内まで徒歩1分,徳島自動車道土成ICから国道318号、県道12号経由で約2.5km ,JR徳島本線鴨島駅で下車、タクシー20分,無し,和,,3800,q~coEcc|rXbBIHb@Fj@PZ^j@DJJfCJzBrDURpEXrAHn@T~CHtAP`Bx@vGThAd@rAFVH@R@X?@ND`@D`B@t@`@jGCZKVw@rAQf@C|@AXWpAEZWjDa@tBOdAKlAG|BI|@Qz@ADRPLJ~@t@LLHPFR@PBx@EXIzC?h@VjARhAF~BCZ@hAFvBDd@RzA@b@Eb@OtBTpCBZE@FZFr@Db@PvBXzAJr@HpABfBShEMhCg@fCmA~FQz@a@fCG`AC`BAp@IjBMfBeAMIIEe@ISGCGBc@z@KDa@@{@F}@TUNEAWPe@\MJSXIBECCIF_A?c@IMg@Gi@?QCIE[i@_@q@MI_@Ca@?OEk@i@[Yc@UaAQ_@MoA[M@CD@Db@j@BLEFG@UOs@c@g@F_@DKAEEAK\wAAICa@AGGEAM
9,10,切幡寺,きりはたじ,得度山切幡寺,高野山真言宗,千手観世音,徳島県阿波市観音１２９,34.10752778,134.3040556,0883-36-3010,10.0,約12km  (国道318号),30,境内まで徒歩10分,徳島自動車道土成ICから国道318号、県道139号経由で約6km ,JR徳島本線鴨島駅で下車、タクシー30分,無し,和:洋,,9300,ordoEkgvrX@LFDDh@@H]vA@JDDJ@^Ef@Gr@b@TNFADGCMc@k@AEBELAnAZ^L`APb@TZXj@h@ND`@?^BLH^p@Zh@HDPBh@?f@FHL?b@G~@BHDBHCRYr@i@VQD@TO|@Uz@G`@AJEb@{@FCFBHRDd@HHdALLgBHkB@q@BaBFaA`@gCNy@BIF@THFAL_@`@iBFUV]h@q@JAp@FPEFCNWLUf@C^CLEPINGFQJS^eAPa@\e@f@cAXs@f@_@f@QNOJ[NQr@Wf@URIAUEa@I[Ca@G_@[m@G_@C[?]FSHQ?I[eAAUCuAPu@LkANm@NKOeB?SRoADu@NATKbAk@l@Yv@MfDk@CWNEPIbAmAh@k@JIp@SbA_@~@e@MEIGGUOmACa@j@I|BOx@E@Y?QCcA@kFGsAAo@Di@EaAGi@WiDKgBE[?y@GeAAMZU?K?c@?{ADw@J]HOHIJe@hAiDrA_FrCoKhDkMl@yBFSOGWMCQLe@^sAn@eChBuFTg@T]Z]\UFIEE}@oBEOLUZk@Zy@Hg@Bi@Ew@Gu@m@sDe@iJc@}I[yEMwBGmBKmBK_A[mAIYTMhBq@|OaGjPeGfDkAbC}@hDoATEVMp@[d@ONOtAq@PK~@i@rBcAjEsB`CkAzBy@nBc@nAOjBGnBDvALvBZ`El@~Dh@nBP~@D@HJJjBn@pAf@pB~@fAf@|@FpDNTB?D?n@?`@HBl@D|ANdAL|@Db@?l@E~AMrACvAAjAQfFy@vDk@|C[z@I?K`@GjAObC]~B_@?WT?`@?vAIj@E?ERAdAAx@CTGx@GvASbAKXIf@Sh@Gf@HLBD]H{@FqALgAPCf@INALBPHRDTBJF\z@N`@\`@b@\VHPAt@KFCDELJNVZr@Ld@JdBPZ\Nj@AV@d@PDFAHHJv@n@
10,11,藤井寺,ふじいでら,金剛山藤井寺,臨済宗妙心寺派,薬師如来,徳島県吉野川市鴨島町飯尾１５２５,34.0515,134.3485278,0883-24-2384,12.5,約48km  (国道438号、県道43号),30,境内まで徒歩1分,徳島自動車道土成ICから国道318号、192号、県道242号経由で約8km ,JR徳島本線鴨島駅で下車、徒歩40分,無し,和:洋,,12900,_xynEu`_sX}A{AaCk@{@mEyB}BiDaF_@_BYcDCyK@uHEmG{@s@AgAVeCEkAb@At@?Eh@NFvAs@l@_AzA]lAZlC_@rCHXi@tAA~DSfBc@gCcCJm@dAHnD^lBIdBU|A?b@}@g@aB~@}BVKA~A~AdD[tBpAxBpBj@[|BuAvAc@|Af@_@pBuAnAyBlBmAnACE{Aw@wAp@b@|DbDtCjAzCcBbDNnArD\l@b@[^eDdAgCHtAk@zHg@r@gBWoCeAmCpAw@|@m@c@uBDRt@xAA~@~An@fA\UbAmClAX_AH[dCo@xAgCPcA|BZ^pAgBbCJh@P\c@l@gAhB@jBzBdAA~C|B`CvA~Bk@|Dm@nE[pBu@zA}Ad@Ud@bArAa@b@qBtAJ~A|CUN{AoBe@C]xAwA|AcAQeATqA~Ad@dAvAtByA~@gB`BsAvARrA|EqBdGCtBMxB{@jFbAdGt@bCvAbDzCvBVvBdAhAj@x@mBpBu@bAb@n@a@LiAlAu@bD`ArAoBvAx@bBB`CcApAsChCrAv@hB_A|A{@b@Oj@rE~AjAcEfBzBlCWhEwAtDeBdCjBjKf@v@a@~B\zBuB|AJhAc@xCc@`Bn@~Cm@t@u@|BDhBNNs@Zg@j@NtAuAxA?bBcAhCIJpB?tApC`Fj@fD~@NbAUx@m@l@Ok@}AaBsDfDlCfFjC`Bz@D}@[gCjAuDt@cALHJ|CLi@t@mFVoAYuAPWlAzFv@|CZ`CTQ]sG^}DgA}CZsC_@gAVw@zAlAnCSbA~@t@Bb@|DxCJfAr@|AAdBId@H`B`Ar@pAbA@v@XNlBtA~BtBPzA`D[xA\b@v@dArA~DPtCzBhEtAv@w@fF~BjA`B`D^lCm@zEl@fAtA`Bd@bB~B^fC?`CfAxC|AoBxJu@p@z@rCgAh@uA~Bt@d@e@`@}Bj@{Bs@u@\YdB}@pAnAnB_@dDeClCl@\dAxAfCRhEpC}@`@yCbCGvCR~Cm@rBt@jBZhA[tA{B{@m@@nCvBdAoArAgA[kClAoCLY`@\lBdDLx@aAy@]lCr@|Bu@d@Y|Ao@fA`ATH|@D`B\Gf@sBr@AO~Fj@pFP|@cAjBkDtBoCz@s@pAT@nBwA|CEbC[jGxAlA@ScCvCkH\oAz@MpCpAhAtAbBrAZxBeBQcAF}@lAp@xGPxDc@hAs@hHEjGGtEBtAk@\oDyCu@kCoAG@lEr@`D[nGn@~EuCpAeFbFvBg@vDgCdB\z@g@v@}CvAvBzApFNbDPz@_@^a@kCy@mBkAcB_CnCcB\uBz@|EEtBw@[lE\jAIx@_AwBSE
11,12,焼山寺,しょうさんじ,摩盧山焼山寺,高野山真言宗,虚空蔵菩薩,徳島県名西郡神山町下分字地中３１８,33.98497222,134.3106389,0886-77-0112,21.5,約35km  (国道438号、県道21号),50,境内まで徒歩7分,徳島自動車道徳島ICから国道438号経由で約42km ,JR徳島駅から徳島バス神山線1時間10分、奇井中下車、神山町営バスに乗り換え15分、焼山寺下車、徒歩1時間30分,一泊二食\6000(3～5月、9～11月のみ要予約),和,,20800,gulnEuowrXd@Vn@dA@v@GuBM}A`@gCUWiAd@u@ZyAEaBAt@IhAk@|@?nAeAx@{ATCl@dAh@h@\x@RjD`@@x@Wx@oAf@}@VOFq@Je@~ARPk@?_BZ_AK_Dd@_Cd@a@fDRvBc@h@kCt@yFVa@rBxAt@v@fB\pAU`EqDbDwBtF{FtA_@t@s@XcBIaCfAyC`AgAhAkB~Ay@n@sAB}ECQQHg@vAiAn@k@HCMf@e@z@gAi@{BIqAYTiAnAa@nAU~Ak@ZqBOwCQs@r@oArCIOTm@PaA?y@nA}Bz@a@~@RbAaBR}DUyAL}@ZaAc@iAy@[UcA]iAyAeAk@oADaAj@]^W@q@N}@Tu@w@q@}@iAwBoDPmCpBnAxAq@|@u@Rw@l@@tARn@`@p@CVQ`A^bAIZ_@Ks@Pq@DsC@sFjAe@n@Iz@jAd@Jh@MPn@@|@ZFfC{@d@jA^Xd@|@`AHzAf@d@VSoAWk@NKlAt@[aBcBm@Ae@h@_Bt@mAGg@e@g@cAGMe@z@qBGk@Oc@FyBXi@e@qD[a@o@K[SDk@NaCQsDUkCPUrG{Af@WCOa@_Cu@aC}@iDYmDx@qX|@cRt@wB`AqA`ByAp@oAtAaFWoG_BoE{A_HcAiHm@m@oCm@_D{BqEe@cAi@u@iAqBcBeCeBeB_CU_BGoF}CkIgCoK{A{D{EcIsAgAcCs@{AoAwCuIaEkMeCqHy@mAwCwAeFoA_CDuAE}@m@gAwB[wCOeBuAcC}BcIiCiIYgBUyGGcEs@yB}BkCq@qCA_DHsM{@gIMaAyBOoCYiGaDcDCkBUo@w@e@gBk@w@aBq@mCgBiAo@yBk@}AgBoC{FcAkAiDg@gCCuKrFcAFwEg@_PRmGZiEp@yJrC_BCcCeB}@c@sAt@uAlBcATw@K{AcAy@BqAhAeB\oAj@s@rCyArAeBj@yGk@gAi@iAyB{@gBcAy@qB[oCuAuCHoBMqJmFcHmCwBcByBeAcGyAmAF}B`@aCMa@SsBe@aDaCsJoDwEeCeAYw@JcDdAyBnAs@?Yo@b@oIjB{DtCqAdA_CjBkDb@wEg@kEkBkFgB{DQmELaGT{Cs@cDm@_AcAi@}A_CoCkBoEiEyAgCuGuMkA{E}@qBa@WgDm@oC_@yA|@kAXeHZ_Cr@aAUqByAyCyBeAoAQwAr@qDVcDS_CXyDJiCi@yB_@wCn@yF~@iJxDcIp@{At@gFzA}JhAkHl@{B~FwDdAaAn@uAXcAd@iADoBf@oBZcArAuAbBgBf@gAhBuH?eGbB}VP_J}@aFq@gDQ}HYcF?uB_@sBYkB
12,13,大日寺,だいにちじ,大栗山大日寺,真言宗大覚寺派,十一面観世音,徳島県徳島市一宮町西丁３７６,34.03822222,134.4628056,0886-44-0069,2.5,約3km   (県道21号),30,境内まで徒歩2分,徳島自動車道藍住ICから県道1号、国道192号、県道21号経由で約13km ,JR徳島駅から徳島バス神山線で30分、一宮札所前下車すぐ,一泊二食\6000(要予約),和:洋,,2300,mbwnEigusXI]Uq@GO?Ka@WY_@Oi@_@uBm@sCm@gCYoBOgA_@{@[eAq@}Cg@qBWeBOaAKUOKa@Cs@AIq@]aAg@wAIi@IoA?Wc@US]SeASmBEQEEGOGg@SqAaARuBb@{AXWJGN?Z@F?BUk@KFAEaAwBw@iBUq@}Az@aDrAUGa@@]WOEEWC[Bo@JgA?SGOSU]m@KMMKgAUc@KI@IDOVIPKHOAWIq@_@u@k@Ui@Ko@AUW?OCIUOmACEQA_ANkALQAMISUSMaAOQEAVKlB\`Bt@f@
13,14,常楽寺,じょうらくじ,盛寿山常楽寺,高野山真言宗,弥勒菩薩,徳島県徳島市国府町延命６０６,34.05033333,134.4756667,0886-42-0471,1.0,約1km   (国道192号),10,境内まで徒歩2分,徳島自動車道藍住ICから県道1号、国道192号経由で約10km ,JR徳島駅から徳島バス神山線延命経由奇井中行きで25分、常楽寺前下車、徒歩5分,無し,和,,800,ymynEkwwsXo@a@GKWkACOGCJkB@WIKC@KJIHGRORg@HaANk@Vu@h@YNKLUHYVq@R_C`@OG[]c@K_@?W@MLYfA]x@Ij@@Z@NKVERIhCEFODAGc@Fi@Hc@PcAj@IN?B
14,15,国分寺,こくぶんじ,法養山国分寺,曹洞宗,薬師如来,徳島県徳島市国府町矢野７１８－１,34.05577778,134.4733333,0886-42-0525,2.0,約2km   (国道192号、県道123号),15,境内横,徳島自動車道藍住ICから県道1号、国道192号経由で約9km ,JR徳島駅から徳島バス延命経由奇井中行きで20分、国分寺前下車、徒歩10分,無し,和,,1800,_oznE_iwsXKZILQHI@C@EKSGESI]_@i@EICUE}@CGM?[@]JgAZaAJmAP}@RGm@MoBG@@OIs@O{AO_BCSGBUBcBV_ALa@?iBTeAFWHe@DY?mAJ}CXm@Dg@CYBi@FSHe@NYDC?AGQDS@oAJqAJuB^SFe@@O@GJqBTWBe@Pm@Ju@FgBT[@e@DqAJe@@G@?CK@_@B
15,16,観音寺,かんのんじ,光耀山観音寺,高野山真言宗,千手観世音,徳島県徳島市国府町字観音寺４９,34.06852778,134.4742222,0886-42-2375,3.0,約3.5km (県道号、29号),6,境内横,徳島自動車道藍住ICから県道1号、国道192号経由で約7km ,JR徳島駅から徳島バス鴨島線で20分、観音寺北下車、徒歩5分,無し,和,,2800,a_}nEamwsXcAHo@?]FWLkATa@uAMu@CGICMMQKUFk@?qA?OCI{Ak@kJ[oFOoCU{DKAk@Ca@U_AYD]E?S@y@JMBSNWN_@HkADW?GKEu@CqACqACWUDu@JWAoAWg@GYCSA?IB_@?GCAw@Q_@Ga@E]Sa@CDu@@yACIYSSAmBu@_Ac@SQQMCBIIa@SmAMCBMAc@Cq@GaACeBPK?EGKYUk@CEBOEy@Ia@Gk@QEa@i@a@e@]_@WIo@Pg@Ps@Tw@NmAHi@LIDm@He@HAICc@UcBGYCg@Ee@IBg@LQB{@HWB[?AGMEUCoA??JA?UDWCKAMMO?Q?K?EC}@HSDGFBT
16,17,井戸寺,いどじ,瑠璃山井戸寺,真言宗善通寺派,七仏薬師如来,徳島県徳島市国府町井戸８０－１,34.08519444,134.4855278,0886-42-1324,20.0,約20km  (国道55号、県道30号),30,境内横,徳島自動車道藍住ICから県道1号、30号経由で約8.5km ,JR徳島駅から徳島バス日開経由覚円行きで20分、井戸寺口下車すぐ,休業中,和,,16800,_h`oEmuysXAYBCrAOKmAIiA?SWgDAs@DYCg@a@mEi@qHSsCDAAGKqAYmDGc@J[j@{BtAoFhBkH|B{IbByGp@cCJSNi@Nk@ZsAVcAnDeNXmAFKDWRu@ZmAl@oCd@sBPqAPoBDyACsCKoBOiALAGeACi@PGd@Yz@k@`AoAB?^k@RWDSVc@`@g@NS?GOcBIu@SuBMkA?c@DuBH?AIB]DkADeABm@DuA@kABaAHe@HQCWKu@OcBIcAM_AEME_@KsA@cBIeBCOAGRECa@AM@UFOLKDGCKGMCE?EH]Pu@Bm@C_AUwCVELELId@GEs@KgAG_A@EAQ@SEi@Gq@?w@H}BBcACwAO_EDc@P{@FQl@EXC?OFCHSLq@jAcEz@qCpBaHLe@HeAbAeOr@mKl@}It@qKHoAL@VBHCTB?IHeAV{CD?Dg@b@BFEHUl@]hA}BBSASHGRKp@c@zByBRSRKDMl@m@n@g@~@s@tBsAxBqApAc@dDcAp@UzCy@h@QnCu@~C{@^IxEDfNHzYH`C@\BNDFW@cAT@RHJ@ZeAh@sBBGVCJEj@KLGJC@CDg@Ny@h@gBl@D\DHCl@OJEBEBq@DUJKVYt@Ob@c@V@z@DvAi@\SDC@BF`@HHPLF@|@J^HN@T@?ER?ZFl@HHADCf@[`@Q\e@Xa@Z]XEJu@FB@ON}@DUZqBd@J~@TbAVlCd@bBPjAD~A?bD?zE?lEAjD@rAAfAAzC?fA?HBdABnBAd@Ex@AhB?d@C^Cl@@dD?jDArA?dKAbLA~TAtBCrAE|AIpAQlAWdBg@bBu@~BsAzDkCzBwAp@_@HE@F`@Qn@YxAm@VKH?R?EQRGn@SjAa@|CcApAa@~PsFdA[jAa@JL@QNG`@Qr@_@l@Yv@m@b@i@b@k@r@aA~@wAzG}KhDuF|A{BjBwBt@s@|GsFnIwGlJoHjGaFjBuAj@i@pAeA`A{@pAsAr@w@nBgCz@eAdAwAnIoKnIsKhGuHj@k@jA_BLQHKDHNRPVLJLDX@^S|BkBd@_ATs@DIRO^Id@Gv@KZKRUR[f@}@Z]b@UzCaAf@K^AhAHbAKlACn@Gf@AVD^HRE`@Gt@MJ?d@Cf@Eb@Fn@LVIl@g@VKLAP?z@Rf@?xA@@H@BBFNFXPLPJZHh@D^Pf@ZXj@\vBvAx@j@^`@NTDJLTH@FATK\Y^KLAXH?\FRRXd@\VXl@hARt@H^@VGd@M`@Ib@KRSDMAGQEo@ESOGgAH
17,18,恩山寺,おんざんじ,母養山恩山寺,高野山真言宗,薬師如来,徳島県小松島市田野町恩山寺谷４１,33.986,134.578,0885-33-1218,5.0,約4km   (県道136号),30,境内まで徒歩2分,徳島自動車道徳島ICから国道55号経由で約16km ,JR徳島駅から小松島市営バス立江萱原行きで35分、恩山寺前下車、徒歩10分,無し,和,,4000,i{lnE{vktXfAINFDRDn@FPL@REJSHc@La@Fe@AWI_@Su@m@iAWYe@]SYGS?]YIM@_@J]XUJG@IAMUEKOU_@a@y@k@wBwAk@][YQg@E_@Ii@CINGLENAAeAx@CPEdAs@^ULM`@YZS\]`@c@|@y@~@gAf@u@t@{@p@gAd@w@p@yA\m@PUXi@Xi@D?^D^?\CtBt@pA`@ZAXMNKTKj@Up@e@n@[`@UVYLUh@qAd@w@h@u@L[|@oA~A{Ct@{AR]XIbAHpBZ?KJ@j@Dn@Ix@QhGaBtAa@^SdAi@hA_@t@Qt@Mf@IZMTOn@k@h@i@r@i@b@Uf@]X[LKnAw@`@Q^UPM\MN?h@Kf@OPKNQZe@d@c@ZYJQBO@w@?o@GcBAeAAe@Bw@Q{IA}BH}BFg@Rs@F[DSAYA]EUNEPITKVQXa@Rc@Fe@Gq@YyAFi@V]`BmAbCsAv@q@f@k@dAeBLYTs@J_@\g@Kq@]cBe@wBESSJWJGBGEQMSOCC@G@YGkAHU
18,19,立江寺,たつえじ,橋池山立江寺,高野山真言宗,延命地蔵菩薩,徳島県小松島市立江町字若松１３,33.96794444,134.6065,0885-37-1019,14.0,約15km (県道28号、22号、16号),50(\300),境内まで徒歩2分,徳島自動車道徳島ICから国道55号経由で約19km ,JR牟岐線立江駅下車、徒歩5分,一泊二食\6000(要予約),洋（バリアフリー）,,13100,qlinEogqtXKZHrABNFF\VH@HC`@SDBFRb@vBv@tDz@lEFl@@N\?R?lA@fDD|@Hj@\zBfCzDfEzCtClBfBpAbBdAzAfApBRp@Lt@@v@DrBNVtAt@|AHf@@RF~BxCN^PpAVxCBvAtBfGrAjBj@v@f@lApA`ExAhErA|Ej@zBBr@A`ADr@`AxCb@x@n@^v@RfCl@rA\V^b@zAXtADd@Kr@@v@Fv@R`A@|@Lh@v@dDf@hCJ|BDxBJ^dArAlCfDf@b@h@DlCOr@@VDd@`@z@zBxA~Cb@x@RPZDr@DXFhAh@d@NXJ@GHBG\Il@ObAOf@i@~@I\I`BWlBG`CH`DArCIpEg@fDWhAs@tB_AxCSbAGbABnEJzGFzA?b@Kv@_@t@}@jAwAtBkAhAOZEl@Dv@PxAZnBb@d@`Ad@n@^\f@RdA?fB?vGZnCPtABt@Kh@i@`Aa@dAOpBInC^Hd@Hn@NbA\r@^h@h@`@r@`BzCn@nBt@dEdB`Nl@lC~AvEr@xAdAxDx@|CTf@Z\dAt@h@l@Nb@P~@Lf@b@`AXhBRp@vAxArBhArDzFxA~BF`@FtAXvBnAxD\|@l@p@tEtEZb@jAhC|@lB`CzEtB`CjAnAl@dAvElKpBlD`A~Ad@f@dAbAb@b@Tn@Bv@DbABJNJtDxDz@lApA~B|AhEf@bCn@~EBvAKpClAOFJDBf@h@vA^n@\NTf@D~@Lj@XHL@NFVPJZDTCfFcB\WPQn@ClA}@fC{@hASTQ^Id@?Nv@A|A?n@Jv@XxBLXTDRGJSFiAEkAHg@TUnAGPc@?g@[]QU?IRiARa@jBiAbBq@VQd@cAdA{BZa@p@i@|@aAxAgA|@u@JOBi@Yu@Gy@?[JQPELBLJXn@b@\X\Rt@r@pAZfCRr@PPXAXQOkAEm@FUTB`@d@t@\lA`@jBh@h@FJL?jABjAG`Au@dCYVw@RWb@Qp@?l@VZZ`@Nb@D\RjA@f@GLYDM?_@Gg@CIFYdD?j@Nh@n@t@KZUTQn@DJ`@?ND`@Zh@f@dAp@ZX`@fA~@jBLf@BfACVSV_Ab@MNGVDLNJ`@DdAVv@t@DHKXu@pABJFD`@Cn@KfABXN@TGHaATi@TGNDJh@HlB`@LP?XOVuAr@{@^mB`@YJCVb@JVE`Be@`@AXZ^b@x@n@VZJ^@x@Bz@Pt@\t@IXQNKBYQQAMHB\LRVN@JKNc@Lc@@GDK^@RRf@r@z@vAjA|@j@
19,20,鶴林寺,かくりんじ,霊鷲山鶴林寺,高野山真言宗,地蔵菩薩,徳島県勝浦郡勝浦町鶴山１４,33.91380556,134.5054444,0885-42-3020,6.5,約11.5km (県道19号),20(\300),境内に隣接,徳島自動車道徳島ICから国道55号、県道16号経由で約29km ,JR徳島駅から徳島バス横瀬西行きで55分、生名下車、徒歩1時間20分,休業中,和,,6700,sy~mEws}sX}@k@y@o@w@w@Y_@Sg@ASBMJWPAT?XGPKBQEGSKIICICWBKHCJ?TNN@LGNWBQKQQ]Oe@Ek@AcA?UK_@i@m@u@k@_@k@KEIAs@Ji@Re@Le@CMG@OJKPEt@Kv@Uz@_@^Qt@a@FIHWGYGGMEw@O{@QYG?ONO`AY^IDCBSGMUIo@Eg@D_@Fa@BKKFQXg@^s@?Eo@s@MIc@McAOOKCE?MDQDIr@YRORWBW@[Gw@K[i@gAq@aBQUq@g@w@i@i@i@QIKC[@EAEG?KH[LSNMDBXRf@X^Xz@f@ZNVD^FHHn@v@b@Xr@ZLAd@M~@IL@\JRLPRRNJBd@BHNEZSv@AP@Z^dAX^j@Xd@h@X\NJLBV@HC\Ql@_@^[b@g@\I^?VPtAzAHDPAx@m@XMPDjArAh@r@\lAJ`@@`@ERUb@Q`@OTEP?LDNJLHFZLT@^I~Ao@z@_@VQf@m@Tg@PUNQDYHUJWXQN@HNHZHHNBdA?`@Id@MVQPOHGJ?TKNWJwAAm@D_@@_@BOLOVB`@VPRDVELKNMJIPI\Er@QhAM^QVQ`@ST]h@IPANF^HHHBPAJIRW\]d@Ub@KJINWT[\YVYTu@Dm@Ke@IW?SN{@B}@Fe@`@u@Xm@RsADqA?YGk@Ge@@ST{@DSBa@E_BOiAA]BUH[FUc@WgB}@q@_@`@mBBKr@_Db@{BL{@HGJ?f@Vf@b@NDJADBBKHDFJ^^`@X^LZR`@h@Zz@PPb@JRJL^JRRHb@N^Zf@t@b@fAb@hAVl@T^f@r@V`@Dn@J`@Ph@h@bAb@`APb@DVRr@Nx@P|@Vt@Z^Fd@Dv@JVTNZj@b@bAf@nAR`@Jl@@^BPTp@`@bABNBl@@lC?v@HjADr@PrAJh@@j@@d@PfATzEXhBRbAXlAF`@?X?ZHxAH|AF\Nb@Pd@j@|Af@`Ab@b@n@j@`@XXLXD`AHjBNb@Bh@A~AYNGROhAgAT_@Ra@Po@T]b@a@RKD]B{@Ba@N}@Ts@Zm@h@y@h@m@V[RS^MdAYd@E`@BJ@Z?l@Il@@p@?RFZPR@RKf@O\?lAd@l@PRN|AnAx@|@NT`CpEh@jANVp@f@BM?WJuACg@@mALg@Fc@C_@Oo@Qy@
20,21,太龍寺,たいりゅうじ,舎心山太龍寺,高野山真言宗,虚空蔵菩薩,徳島県阿南市加茂町龍山２,33.88186111,134.5205833,0884-62-2021,12.0,約14km  (国道195号、県道19号),200,境内まで徒歩3分,徳島自動車道徳島ICから国道55号、県道195号経由で約50km ,JR徳島駅から徳島バス丹生谷線川口営業所行きで1時間20分、和食東下車、徒歩10分でロープウェイ乗り場,無し,和:洋,,11250,mrymE_p}sXPx@RnAUjAAlABf@KtACd@ZVHPAh@c@~AAXD`@HZ\h@Z\j@NJVA|@M|@]n@a@j@_@x@{ArC]n@`BlAdAn@bAf@h@\dCn@nDdAt@FnA@dAKlBe@VIZAj@En@On@Ab@HdASb@CVCb@Ft@d@|@t@VPb@ITODa@Te@b@Sx@?rAT|@Hx@LfAHj@Lf@Tb@PZ?t@LxARzBh@nCp@x@NnBLnBFtA@bGMvE[hBWlBW~@GR?|ABb@Bj@JdAFlA?jA@p@GfAKhB[~D[r@U\Wx@w@b@c@xAq@tAm@RU`@w@Vq@ToA`@sEVoBTkA|@kBZ]j@I`@@XHNLDDTOdAi@\U`D{Bf@[l@GT@ZJ`Ar@f@p@dAzAfAv@|An@ZDh@ChBUpAc@vBa@|AGdB@~BDx@B~@PnB~@xBz@NFf@`@BLHCR@~BpA|Ax@b@F~AK~AQn@KfA[xAo@n@MPBRH\^r@p@HDXAhBWfAG|@?pAE`@GLOx@wBZOz@Dz@P`@GXST[H]?y@ImAEmATw@FIVEhBSzASHOj@}BPq@Dk@Au@?y@Nk@JGP@z@PXr@VjALDLCFM?SCuA?wARk@T_@NIl@@r@NRKX_@Lu@YcCCkATwAb@sAjCgHrAcEZ_A^}ADwAU_EJ_ARg@xAqBt@sAZgAn@qBfB}BXWd@QhBC`@IVQTi@Hi@PcBb@y@dAoAhGaHrLwMjE_FfB}BxBkD`AeBhBgDp@iAdCoBb@i@Pe@Zy@w@cA_BuCw@wAWs@KcAJ}@PwA@cAKwEOWcBcAgCcBi@a@]c@WcBc@eBmA_Dg@q@iBwBe@_BuBaCk@aAm@_@aAW}BOmAMqALg@Fk@EeA]]SSSMa@OgAEm@@w@@oAUiDMo@W_@c@]_AS[C}@W}@q@k@iAOk@Ie@?o@F_@NWd@YjBa@pBa@^Sr@u@ZYvB{Ah@u@^{@\iCFyA?uD?mAQaCc@sF[eAk@kAo@qAc@o@g@Mm@A]UQk@Y{BY_LOcEMmGAo@GCIKWw@cAcCg@{@OUa@_@yBgAkDiBUOMUa@aAIKECg@b@k@`@[Nm@TG?MOS[c@u@o@k@OUGYG{@@[K}@_@kAQ}@WqASq@Ee@MaCOsBa@_ESw@E}@E[Q]q@m@k@o@_@gAQsBSe@w@i@}@i@o@y@Yw@Yo@OK_@?[A]Ig@m@Mu@GoB]yAk@gBKy@]iEWgAs@cBuAeDMc@OoH?m@x@wBTq@?c@GUm@cAy@yAM[S[uA{C{AaEkHmKkC}De@{@SeAUs@_@g@m@wA
21,22,平等寺,びょうどうじ,白水山平等寺,高野山真言宗,薬師如来,徳島県阿南市新野町秋山１７７,33.85219444,134.5823333,0884-36-3522,21.0,約23km  (国道55号),30,境内に隣接,徳島自動車道徳島ICから国道55号経由で約45km ,JR牟岐線で新野駅下車、徒歩30分,無し,和,,19700,{rrmEoultXZv@n@SxA_@f@a@p@e@vCg@hD_B`Ae@z@u@~@}@b@g@dAaAf@UhCWvAgApCsAvB}@pCN^@`AMlFgBrCwA|B}BhA}@d@Mp@?|@HfEjAZNvAz@dFf@lDc@f@[zAkArAgAtA_@rAOrA_@rCM|DgBjAaAb@Iv@D^J`At@tC~B~@LbDNlAl@tAh@b@Hf@InDiAbBuAfAo@bAWTBj@h@xAzCd@~@b@FLOD_@e@aBc@mBJa@b@m@^QZAVCTQ`@}@fAITAVSFe@Q_@J_@Jc@Qi@L[n@c@d@q@Bi@Fy@ZI\IF]y@w@J}ABc@j@CbAI`Ac@h@G^RTv@h@`@NQMo@Cw@h@e@Tm@DWPGzBLTKFSXmAn@mA\s@Fy@Dk@\Ap@Rj@c@Ls@Ws@Oa@Pa@dA_@RHTb@j@pB\?XAZ?Fh@NnANp@|@fE^t@VSHi@yAcEEe@DUHIHGDJbArBFJdB~Cr@rCNtD^bDd@hAb@l@zAbAl@NnDZzFf@`F]x@MdE_BzAWpCr@hG`Cz@Bh@UlAw@|DoCtBoApAa@pAQbCBvBd@|Ah@nKpDzApAlAlDvAzEj@bA`AhA`DpCrA`CfCnIt@bHv@vHt@pC\bBJ~A?xDZnCz@`CxAlD|AzChBvCfDbIt@nCt@bFxC`RbBbKn@bBvBrDt@nAr@`BNjCb@jBp@`CDfCThAZf@^x@|@~@`AlA|@pAd@f@`Ad@bBT~A@xAw@`A]hAClBLzAn@~@j@nA\jBf@f@|@XxBX~CfA|Bv@lBf@lC?fCa@tCe@xC?dAJr@jAlDlBlEh@dBGjBIrAD~@Jj@f@jAfBzAvA`Al@v@NrAE`@_@j@{@XoAG}AEs@Va@h@Mx@Bh@^bAvAhCfBbFrAlDv@j@f@D~BWn@Et@NlAx@jChAxDlA~BRp@V^^Tj@Fj@Ep@a@nAgAjDHvA`@j@r@Xv@^^^`AxB~@f@`AI~AyAlAg@nBXz@j@Vr@B^]hCBh@Tn@j@\^FhBUpGGpCHdAp@xEjGrDhEt@nA\fBr@jHhAzHL|BDfER`Ab@bAv@t@p@ZfANzES`AQd@SrAiAxDsDbBw@xEuAvEkA|@C|@JrIdDdA^v@HzCEj@Mp@c@vAiAxAu@tAgAj@{Ab@cHPuDRq@TUn@UrBGx@?n@M~DiBtCsAfGeC`CMfHNvHNjDNpBd@dC`BnGpHbGfHbCxAlCn@bKTlLhCjDp@fACx@p@LL
22,23,薬王寺,やくおうじ,医王山薬王寺,高野山真言宗,薬師如来,徳島県海部郡日和佐町奥河内寺前２８５－１,33.73244444,134.5274722,0884-77-0023,77.0,約77km (国道55号),250,境内に隣接,徳島自動車道徳島ICから国道55号経由で約60km,JR牟岐線日和佐駅下車、徒歩10分,一泊二食\5800(要予約/宿泊電話0884-77-1105),和,,75400,og{lEuabtXeA{@`A[vDkAtGsBnYcE|Dx@pHjM~AjUvApGaBvLaDvJqFnMqAvFLrJlBjTzE~PjApOlBrE~GnF~BtE`Nls@m@jPvAvUdPn]dHnEhEjFy@lPpC`RdLnTxEfHjAxOhAhG|AvM}@lJVpNdCtFfAfRjGba@zAdFr@hJfD|CvFZnMtIbCrITdI|@lQ|AxGtECtCeB~Fa@dI^rEj@vC^t@pB`AbIvDxHzBnKQ`I`B~DhIjHtBzGVbK|B|EdIz@dIW|NwEpTj@fJvDn`@tMrFzKtHpBlOrDhIhR~Nr`@MbJ\pKfGlSzIhQtHxG`HfNzR|PfXxU|D~@rGGpIrJvDnBlC`FjG|SfCbDxGvCvGhHhE`QL`HpBvD`MfMrAfEc@vFd@bF~HtPfDvEzOxCbFhD`DvLdEtR~DvBpEwAzDHzDrGrB|InCpEdHUxFmB~FqL`DqCvJm@|EtCxGtCfS~ApNn@zPoAv`@aFtNq@`IfBbWjErGpDfBjChAvI\lYv@nM}BpFDfLd@tMnBdM~AnMfB~CdEzC~AzHlB~Xc@bDwBrEVjEpBdP|FbLbEpLlE~Gt@lH`IhQtFe@`KwCzN~C~J`AlNdA|FUdOsBpLu@dOz@zd@dMx]|KrGdRzFvN`@bI~ElOzCvJlEtCjAMvB_DxAKdF~IrGRtGgAzFtI~RtPrC~QbCxC~HKhJfFzd@qCbJ?hKfE`Rr@vEfGjAdDvA~ClA`GnErElOtKvSjQl[nTlTf@hIxArB|B`G|MjJtHrDdFdG|ExEhB`Fj@hAhFdFxHtGlB~GdFtWrObKtCpJrEbEz@`GjIhKlLdGbFrG~@hPxKzPpGpQxCxTZjX{@nIRvHlDnEzBvHfJnVzNxFf@hG_A|MjClQ|Ljc@`\vX~UvQdFf^`R~NjElXpMrCfE~Gh@~Fz@tGrE~[vM|KjGZbB|MfEpN{EdFqD|CkHfI}H|G{@hK`BxMJbM`EfGdBtGGdLbCdQbIzTlTfCpDhJ]bW^`Kr@|FdC`J`InW|DfHqEdBv@nA`EfJzF`PrCt^rEf`@e@`RbD~I}AfQj@l`@dK|It@fEZzA|AtHxKxGoAlCs@vBjArFXbJz@bJ~B`Pi@fR|EbMpKhJdCfLnErMk@zUjHbOVzIPxF`BfX{BfNzBvY`EvJLtM|BnMzBxJkAzVe@zOr@fEtBjOxCfMfE~YqApGpBxDnCxGxFnGrCfGvBxClBHlOySlHeBjAqAi@{GcA_FAgB?zDw@|FMn@u@yM_@Eg@vGc@jCDtBiAMgB
23,24,最御崎寺（東寺）,ほつみさきじ（ひがしでら）,室戸山最御崎寺,真言宗豊山派,虚空蔵菩薩,高知県室戸市室戸岬町４０５８－１,33.24925,134.1759167,0887-23-0024,7.0,約6km   (国道55号),50,境内まで徒歩5分,高知自動車道南国ICから国道32号、55号経由で約70km,JR高知駅から高知東部交通バス2時間50分、室戸岬下車徒歩30分,一泊二食\5985,和:洋,,6500,ue}iEka}qXPh@@f@ETMX]TYHo@N_@Dm@Bi@CSKg@YYC_@NUPa@Xc@JY?_AEOBGFAHBHFDv@@hCMP@h@RTN\Hf@DVFN?d@EXKXAPBHDDXMP[Bm@CwAGs@Li@Do@Dy@Lm@NgALIBAB?JFHNDLAb@Ir@QXEh@DnBDv@DdANnCZVHRRVXXh@a@T]T{Al@gBl@yFbBgGbBkBf@cDbAwHhD{DxAsA`@YFcARsGdBuCx@qCt@cCr@uBx@cHzDmAr@iAz@aAr@]R_Bj@{@^m@`@{@t@}AvA_@RoAd@_Bf@a@Le@Rc@VyArAeB`Bq@h@uAx@gE|BgAn@gC~AqBpA{BlAeGlDaGtDoBnAW`@_@b@sA~BiAnBi@r@i@j@_Al@s@ZmFdBq@PeAR}BNgGX{@J}@Vq@^k@h@uAjBwAvBc@v@}@pBa@lASh@OVOHAJEDUNaBz@uAhAa@j@c@`Ao@zA_@U}@g@c@dA_@Y[UcAm@SEWIERAVERYh@EN
24,25,津照寺（津寺）,しんしょうじ（つでら）,宝珠山津照寺,真言宗豊山派,揖取延命地蔵菩薩,高知県室戸市室津２６４４,33.28825,134.1484722,0887-23-0025,5.0,約5km   (国道55号),0,境内まで徒歩5分,高知自動車道南国ICから国道32号、55号経由で約65km,JR高知駅から高知東部交通バス2時間20分、室戸下車徒歩10分,無し,和,,3800,qtdjEg|wqXILGX?RF`@Vf@vAx@nBlAm@vAi@a@u@g@K?q@b@MLiAt@uB|AiD`CsC|A_Bf@k@Lk@Dq@HiAX_@TWRMRQf@_ArDMl@ETg@Ra@Nm@VyAn@g@Jk@bBm@bBUd@_@l@gAxAc@r@m@tAyAvFoAjFYhAo@pCq@xCWjAWV{@QSbA_@bBUnAYtCq@rE]zAkAzDg@jBe@dBeA~EYtAC|@?ROAw@Ia@Gq@Eg@Mk@Mc@U}@c@}A_@I?SJ[f@kDhDiBjBK@IEKK[k@MkA]{As@s@MEy@ROAeAq@g@a@cB_BOASDi@ZOBWAWKOGMBEN@NHPTZXRLPJV?ZCROTg@f@O`@Ql@CTDLLFdA?^V\\LFHBHJLRTZHBh@GJ@HF@HCNUFgACMGQQKQWSk@UK?gAPy@b@i@ZYJS?KKESDSNUTu@@QIKM?IJCRA^ET[XEX@PP^FDL@Z?t@CPEVQPIl@DRFJLP`@bAv@LNDN?VOb@y@bAOPGJCLDJ^TpAr@HLX`@XXDN@NER[z@K\EP?F
25,26,金剛頂寺（西寺）,こんごうちょうじ（にしでら）,龍頭山金剛頂寺,真言宗豊山派,薬師如来,高知県室戸市元乙５２３,33.30725,134.1225833,0887-23-0026,33.0,約33km (国道55号),30(\200),境内まで徒歩3分,高知自動車道南国ICから国道32号、55号経由で約60km,JR高知駅から高知東部交通バス2時間5分、元橋下車徒歩50分,一泊二食\5800(要予約),和,,27500,odhjEyzrqXRVfAEt@QXn@o@dBPRn@ThAfAr@bBUZk@CsBm@oAJi@TEhDqE{@wEdAiAkAm@h@sDlAU`AcFrBu@`@_@h@aB`@}Aj@_@g@k@]_@j@Yf@qCh@u@BSaBi@_Ai@@]n@JzA]bBXbB`@XG|@k@pAaApAwAy@yDqCkBBsA@u@a@c@KCy@g@eAg@BiBpEs@JqBhA{ApABbBn@nBtB`BdB`DMzA]Ty@KuBa@oAF_CrBy@n@{CZcCD_Bc@yBQcAs@Qw@}BLcFz@eA_@qA?iC^iBdB}@\?d@p@dCE~BVZ|@DdAj@pArA^rBUf@{BIWh@S^iAQoBb@Cd@d@j@d@IVq@LADd@w@~@gAW_@e@UPRj@lBd@xAm@X\XzAn@GTa@FPk@nAm@Bo@kAqAV}A@Vf@hACbB~@|A\r@t@jBvDLvE_EdGkHfGeFhI}DrLaEnJ_IhOsAtCYjDOdGm@lCeIjX{DzLaGrMmBhDgJlGyOzMoJvEwKlCuEtAwBbBwF|E_EjEcJrF{MzFuLnGuHtG{HnJwJjJaFlBgFvBkC|AsBtBoNnR}AbCc@tBi@jG_IhSsCpHQ|CHhEQ`EsCdTKjHN|Bz@lBpFbH\dBa@vCmAjAo@PqE@sGJcBv@_DnCyAhF}@tAeDhBiBd@wBCgBi@eEyBeEmCsKoF{AYaD?eDr@aHxBuC`@_BUiE_BcHuAqL}D{Ea@kCLaF`CqBhBuBb@eDfB{Eg@yIi@}ATsAdAuCdF}G|CyCxAwANuDR{GjCyKhCiJQaBNwKrD}DtAaBpAuLtOuHlEoZjOkD`BeCfBqC~IwDdOgAjByDfDkElL_BtEeBhHiAvPmAtSU`Kp@fEpAnCvEzGhAhFmAhKoA~P_Gz]}@dF}AnFmCnGwCbEeItJwBpA}DdCy@hAcApE{AfKwAbH[Vi@vCSxAsCnFk@j@ECa@WUj@k@jAw@zAaCnBkAv@kAj@uC\uGdB}Bk@mBfBcA~@q@\}@|AiAjCIXED[[k@kA_AuBm@e@s@HwC~@sBzAgBjB]WPt@If@g@{@qBD}Ar@s@r@gAKgCA}BAs@kA_AAaAm@}AOgDmA{Aw@qAG`@IHa@e@o@qBq@{AIkDa@eE{@kDqCcAP}@SeEO_Ab@YSa@aA_A{@mAkA\_AIIeA`@M`Al@|A\`Bg@s@mCuBGq@SbANl@\`@WdA]TMa@GUs@HcABVeBUa@]^[N]u@G`A_@LGQMa@o@h@Mc@e@Ra@E_@MS`@c@bAk@D\_AcA[gAAC_@UJB[YEoAaA_CDYt@
26,27,神峰寺,こうのみねじ,竹林山神峰寺,真言宗豊山派,十一面観世音,高知県安芸郡安田町唐の浜２５９４,33.46763889,133.9747222,0887-38-5495,42.0,約42km (国道55号),30(\300),境内まで徒歩5分,高知自動車道南国ICから国道32号、55号経由で約60km,JR高知駅から高知東部交通バス1時間20分、東谷入口下車徒歩1時間30分,無し,和:洋,,37500,cpgkEa{upXPs@fAOr@@TPv@p@T@PP?TTM@`@ZAhAH`@HAX[f@RDf@Q`@uARCf@Vj@WLBP`@^i@J?Jl@HB`@a@Fo@V|@LA`@q@PDJx@SlARDpA]RFDj@RDd@y@Da@MUYWDwAJMDz@vAx@bApALVLKEe@y@kBOe@@e@`@u@t@ECXS^@^p@Xn@|@|@`AZn@lBi@fEb@n@B`AGbBbB|A|@v@LXVELUZ_AhAwAfB_@|AHx@h@v@~@ThBKjCSjBHtAjAhAxAp@\bBPhBXrAlAnAjBnAh@zLr@dEm@vAYvAK|Ap@`AhBdAfDYvA_BjAQh@H~@b@`@t@ATMBRJx@Ph@?`AQdBBlANlAe@bHMjGiChD{ApDoIrZsEhL_AlBmEjGaDzDiCfAmDfAgGpBoEbBsHtFyFvDmBPkBWMNm@SyD}@eB]_IgAqKeAyIOyFVgVnCwB^eBl@}F`C}B`@kCPiC|@wBzAuDdCcEdBaDxAiDhCqCfCyFrGyCdD{BxA}DdBwElA}A|@wDnD}EvEeBpBo@zAeClJ{EhR{D`OiAdEgCxD}C|CcJzKm@fBuBrK_CpLq@vBw@bCyAxI{@|CgB|AyDrCuBlBe@tBQ|HsElb@iEva@KdAS^Ix@?~CxG|YlAlF^zCDjF_BxOs@hGa@~I}AvR{Bja@_@xMXfHj@~FInCSrAy@`Cw@tAwAxDyBdOw@pJe@hG_@jBmBdG]~CJ|HA~I}@jMw@lMN~CtAbFZ`CI~Ie@dCsBfEk@fBiAbG_BzI_AhDgB|AqIxD_EdA_A`@cClBwJtIsBvBiA~Bw@zCoA~GM`ChAp_@?~D]|CyA`JUvD[xI_@fD{EdT_ApTe@jONxFv@jOMdFoB~UKnIJzTo@nk@d@~RThIb@jEjAvEnAvDhDpMbBbJ\dKNfGCpDc@rCkAvCiEtGiDbGgBnB}I|IeDlGkDtFkC~EgB~CkB`BoBvAgBz@{AZkG^mDzAqDbCgBjBcC|@wCDgC\}CpBcCpBiB`DgF`KsCxGqCfO{DtQ_B`ReCdRkBxNgBnOu@tWXbQT~TEjCe@xBaAlB_BpAmItBmJ|BoIxBgCnB_JdIeBpBoCrDyH|EuAlAo@bA{@dCe@vDk@hCiAzBmBdCaGjHcFpGaE`FsBrDo@zBGNMGWSkAbA{BrC}CtDqF~GsArBOF[MYMa@BcFDmB`AOvACfBUGsAe@}@Kq@bAgA`CgATsH{@mLgE_GwAcDQ{Ge@}Ck@mEHwJ{BiCcASa@BgBR_BCuDBuAQh@Wt@
27,28,大日寺,だいにちじ,法界山大日寺,真言宗智山派,大日如来,高知県香美郡野市町母代寺４７６,33.57777778,133.7055556,0887-56-0638,9.0,約12km (国道195号),30,境内まで徒歩3分,高知自動車道南国ICから国道32号、55号、県道364号、22号経由で約15km,土佐くろしお鉄道野市駅下車、徒歩20分,無し,和,,9200,ma}kEaiaoXXaAFWHC@FEz@AbA@bADb@CLCDBD?@G`@Kr@AjACv@lAl@RJD@CJw@n@a@XYX]R}AlA_BhAqAv@kFdD[PON[l@W\]\GLWf@gAbB_@v@Oj@Qt@O^{@rBi@`A_@h@cAlAKNCH?D?L@~@F@@HANA^@L@JAVG^GFc@H_@DSXqC]c@MoBaAq@Yc@EuKg@iFaAoGs@]@SHQ\Sl@kBtGkB~Gu@bCSXSTk@ZaBb@qDx@mInBw@PqA^oAh@oBbAeGzCgKdFgEtBwAj@o@RPv@\j@b@h@DT?vDFrG@zFTj@RX@h@HjFGfEGPs@j@uBpAGV}@P_B`@uA\GBH^J^n@jBPfA\zBz@zEd@dCz@zE`@pBXt@Kd@?PRf@Zf@Td@hAbC`AdCbB~D_B^CHGVEZHjDBn@Df@bAxEJv@F|@?p@E~@ObAMp@Ih@F@j@NTHZJPNGNMd@IZARUz@]nAa@hA?b@IvKAhBAh@@Xb@vEZhD^bDDNBZJlEFrCBh@?zB@vGB|@NPFJHh@ZlDPbCFJhAf@dAr@dAhAnCtDj@dAVr@Pr@PnA?lAE~Ba@fECnANrCDd@iAXuAZeAV_ARBHBL@f@CbE@dDHdELzA@~@Jx@Dv@An@SCkASC?A@
28,29,国分寺,こくぶんじ,摩尼山国分寺,真言宗智山派,千手観世音,高知県南国市国分５４６,33.59888889,133.6402778,0888-62-0055,7.0,約11km (県道384号),50,境内まで徒歩3分,高知自動車道南国ICから国道32号、県道45号経由で約2km,JR土讃線後免駅下車、土佐電鉄バスに乗り換え15分、国分寺通下車徒歩5分,無し,和:洋,,6900,sealEgqtnXShBEp@mAIw@KOGsAAcBGOC}@KAb@DlBBpBAlCE?IvBCpAAbAyBMkAO}@KI?@D?FCt@?p@GTOZm@z@Sj@CPCf@B|@@xAGz@ABVLb@V~@p@`@TJDAFCl@@ZKd@CLl@N|@@d@Ed@CR@hATdAd@n@h@b@j@Xf@R\FPJp@XdDr@pHd@hEJj@XbAdBjEj@xANv@?hA]bFG|@Az@?t@BxARhIb@xPFfCBRDvAHrEDhBXzKJ|ELbFPzSJtMKzHW~P]rSCfB@p@?l@B`@DRRp@JTj@|@lApBb@n@j@d@fCfBnBvA`Ar@T\^t@Lj@@x@Gz@MbBM`C@p@J`Al@zERtBPzBRhADlAB|A@b@Ch@EbBEhDHbHAx@Ih@Qj@OVqA|AO\E`@@\L\LRbC~Bp@n@PXt@jBVj@HJPJTHL?J?DRG\B`@Jh@Rj@DZFl@ZvAX^
29,30,善楽寺,ぜんらくじ,百々山善楽寺,真言宗豊山派,阿弥陀如来,高知県高知市一宮２５０１,33.59194444,133.5778889,0888-46-4141,8.0,約10km (県道384号、44号),20,境内に隣接,高知自動車道高知ICから県道384号経由で約1km,JR土讃線土佐一宮駅下車、徒歩20分,無し,和:洋,,6600,k~_lEskhnXTn@BDXDd@HDBBD?FNXBHr@A?BxA@ARtA?hAEtBCJANINAJABRTQNAvC?v@Az@Bb@AzBAFBJ?R?HBRFrDlBr@d@lAtARNB?@GL?XGhASjB_@p@KPGd@E|AY~Bc@~Cm@tAUp@M`Cc@NELG\o@Tk@HQNWNY@WLi@Nq@TqBLc@Xq@JKR@TBj@@j@FfA\p@XTFPATA\IpCeA~By@hK}DdBo@x@UzEw@zDq@hAUXOXSTWXg@JQRMrCwAnCwAVKfB_AlAq@jCwAnI{ExA_A|CcCLMPd@NRDBrAcA`@[\UTQHGAEGEHKf@u@|BgDdBgCr@eA|@oADDp@d@jA~@@DJBVLXRFMZy@@CFBXq@V]v@_AlBfGVQ^lAhAnDLb@BAHA^FrJxBFEDDb@JhCl@d@JAHhAVdAThCn@f@N`@HVBx@RJq@D@xA^ARG|@ARBFF~@DZXDLADEZGzAOh@CLEDI?[D[TUJBFF@HGZIRDBHCBCFARz@R|ALh@Fp@?tAA|@JVPXHP@v@BL@XJ|AD?BIFEHADB?BCJCTB?BA@ABABB@BBJHSBIDER?X@ZFHJTfAVnAEDEH@P?N?b@QnCM~@K|ACn@BZPdANAHJHXZHDDDHB@H@BQD@@EJSLIT?XCR?RHf@\j@\\RRFZBTAJGTK
30,31,竹林寺,ちくりんじ,五台山竹林寺,真言宗智山派,文殊菩薩,高知県高知市五台山３５７７,33.54663889,133.5774722,0888-82-3085,8.0,約8km  (県道32号、247号),70,境内まで徒歩2分,高知自動車道高知ICから県道44号経由で約7km,はりまや橋から土佐電鉄バス10分、青柳橋東詰下車、徒歩20分,無し,洋,,5700,{awkEykhnX\QNKCCAQFYv@k@HKPa@Ps@@YIcAM_@q@gAMIG?]@[COECGAUBMPURCd@N^Rh@b@l@j@PVNh@Jt@JxAbAwCPYLIlAo@l@QR@PTD?DMJSZIIAK?G??GAAAA?G^WLK@IMSOCv@]xAc@`@G~@ElIUdCGfBEt@@RA?WEQn@CzAIjAM~AUhAKxI]~G]fFk@~Aa@n@Wv@c@~@w@~BoCj@m@nAgAz@k@z@e@dA_@tAa@vBm@fCy@pAg@`Bu@lBgAbAo@fCqBbAs@XwALm@hB_GDW^mBV{@P_@RqAJs@Le@Py@LoAR]pAsA^_@JSN[Vw@NYPQt@i@IIQSUe@Ow@UsBQqDAwAEk@Ig@CWUUg@oBKWUu@CSAc@`@yADi@AuADk@FYDOGCQKYWs@aAWg@Ss@UiAMgAW}CC}@IeAKWGg@B[Gy@Gq@Iu@Ow@Ss@cBoDe@gAU{@K}@Eo@W}Eu@aOO}BS_Be@_B
31,32,禅師峰寺,ぜんじぶじ,八葉山禅師峰寺,真言宗豊山派,十一面観世音,高知県南国市十市３０８,33.52669444,133.6116944,0888-65-8430,9.0,約11km (県道14号、瀬戸大橋),20,境内に隣接,高知自動車道高知ICから県道247号、14号経由で約13km,はりまや橋バス停から土佐電鉄バス40分、峰寺通下車、徒歩20分,無し,和:洋,,7500,ecskEgaonXZbATpARxBJtBTdFd@jINpCFn@R~@`@dAt@xAp@zATn@Px@LlAL~ACZFf@JVD`@B^@p@R`CNzARlAT|@Rd@n@`Ap@j@LDI\Ir@@lBKf@W|@EZ@NDVTt@JVf@nBTTBVHf@Dj@@vAHbBFlALnARpAJVR\TVnAp@n@`@l@x@r@xAx@jBp@dB|@|CR|@Ln@FTF@RApA[N?L~@XpAFNNp@t@tDj@nCb@tB@NFNDPHRLX`@|@h@rBv@jD|@zEn@jDTlA@NDDDTPz@Jh@h@xAZn@Td@DE^|@NX\v@lAdCn@nAfAhCdAdCT`@z@zA`DtFbB|C^v@f@hAdArBx@nBZp@TZb@`@\XTPCD^ZZXfAdA]l@dAbAp@p@dA|@CDb@^JH\Xv@p@d@`@?BJNf@b@zBjBpAjAa@r@CF\Xb@\t@n@v@p@\\fB|AjJ~Hs@tA@Dh@v@bApADJ@Bf@n@u@lBEBIFEPMJEPCd@@l@LbAJ^JLn@VhBv@tA|@hAfAj@n@fA|Ax@~Bl@zB\xABj@DR?\BH?X?LAfADlAH~AFTLVR\LXVvAJr@Ax@OhAQ~@[rAk@|AGZK|@LrA\pCHp@HtAObEYvCG~@C`BCdECpBBl@Hf@ZhBB@ZxBHZTd@h@~@x@|AL^`@~A@PAHo@pBMb@?F?F?BI@o@HG@ICSW
32,33,雪蹊寺,せつけいじ,高福山雪蹊寺,臨済宗妙心寺派,薬師如来,高知県高知市長浜８５７－３,33.50083333,133.5430556,0888-37-2233,8.0,約8km  (県道278､279号),20,境内まで徒歩1分,高知自動車道高知ICから県道34号経由で約14km,JR高知駅から高知県交通バス20分、長浜出張所下車、徒歩3分,無し,洋,,6300,cdnkEcqanXPTFD\Ef@GDLd@v@DFDDCLV\LVNd@PdAFl@KZKHBFd@bAL\DVRnAj@bE`@nCR`BFtARfCXvB~@tIp@xG\xCb@dCJ~@HtAXjCRb@^h@Vh@Lj@Fp@HzAHn@Pl@J`@FXLj@FPDJH@b@PbAVt@Pj@FR@RC`A]VGtAQv@G`@FhCj@zBf@`ARZ?x@Gp@DxAXH@JDFGV\JPTXd@b@R`@Tx@t@fBVp@HDb@Hp@N\LTR`@r@Vf@L\DZBh@?TE^Uz@W`@[v@Kd@CR@^Dj@n@xBZh@P\JdBBpALtAPxA@p@MfDCtBKl@}@rB}@jCe@bAEEOVKTUj@DFbAdAl@l@t@ZtClAuApDOl@IVEVUt@Wr@Wl@Qj@HJ^TZROVQ^Yn@Q\BBWl@c@vAEP`@P\T^b@JLz@d@NLP\x@nAt@lAHRBRDp@Dt@Fd@FRFHKRm@pAWh@g@hAYpAK\i@fB[jASr@m@dBIPg@r@s@z@_@r@]p@[lA_@~@Uh@S|@Cv@@d@JLLvAJn@?f@Dj@AXBTVl@BL@h@BLVTHN?j@@h@HT@L?Ta@bA]XMRCLEd@?Z?JHXLZ?REp@?rAY~AK~@QvAm@~A_A~BSx@@fA?FGNNNKb@O`@S`@Sd@Ij@@xAA`AQz@m@nB]xAu@`COt@SxBAPH@XBMzALBHHFP
33,34,種間寺,たねまじ,本尾山種間寺,真言宗豊山派,薬師如来,高知県吾川郡春野町秋山７２,33.49205556,133.4876944,0888-94-2234,10.0,約12km (国道56号県道279号),100,境内まで徒歩1分,高知自動車道高知ICから国道56号、県道279号経由で約9km,JR高知駅からタクシーで30分,無し,和:洋,,9800,enlkEixvmX@LU`BGn@Ql@MXCBIBWAUGGb@q@bFMz@Ep@?d@Nl@LTh@l@`@l@Tx@VbALPLHz@^XTNXLj@D|ACl@Id@wAhEY|@GP@JFVRbADhBBlBDp@BVF\FdANzBd@fGd@dELd@J^t@|AHPLpAJvCAfCEJSP{@r@OTCTBfCC|@MdA_@rA[vAYzAMt@c@xB[`A{@pBuBnEKVCTCD?VUlAStAMf@Q\s@hAKb@Kp@QrAENKLMPMd@WrAKj@B^Np@Rb@Nh@PzAZlDLzAD@@\?H@RElBC^CJIT?JDnABp@DbAA\CBBH@NDZMXMRKPALBJCH]f@_@d@}B|CsFpH]b@gBjBW\q@n@l@`@dCzAdFfDxBtAnBfA`EfChA~@j@n@z@xAN\Xz@R~@JjABfAIdBUvAW|@i@fAkA|A{@bAkA`B{@|A_AfC_DzLMh@Qr@QEMGCHk@`C_ArDy@bD{@zCQj@w@xAKTW`@q@z@uAhAi@b@}BvAcBdAqBrAgAbA[\]h@w@hB_@rAYxBe@vGq@|JWxDKzC?~BBRW?O?K?AL?V@z@JrA@ZChDDf@WLQPETCp@MR[JKFEFME[Ii@Gi@?_ALmCh@aAHa@BBd@NpE{AN{@LwDVOFCDAb@ANGPKHe@Pc@`@u@Ri@T[NMLITEF@PO`AGn@KZ_@r@mAdAZ|@J^KBwARe@BuAT}Bb@KHa@t@i@n@IL?b@JfBAp@OjBMf@Eb@D~@Fh@@bAD`@V|@HhA\t@Bh@?\Sf@u@v@e@f@SJm@@EDCPE^EFEBM@[?a@FME]CO@KHQR?^?HKRa@b@MHEGGYIOMG[EK@u@PMRc@DEDAFFJLHRBd@AX@BXb@p@DL?ZILG?ICMKG?EHJPPl@T`@BP?d@Ed@Sn@OxA@`@DPLNp@JDB?FGDc@?a@MWSMUAq@By@CMQQCC
34,35,清瀧寺,きよたきじ,医王山清滝寺,真言宗豊山派,薬師如来,高知県土佐市高岡町清滝５６８－１,33.51255556,133.4093611,0888-52-0316,15.0,約15km (県道39号、23号、47号),30,境内,高知自動車道土佐ICから3km,JR高知駅から徒歩10分の堺町バス停から高知駅交通バス55分、高岡営業所下車、徒歩40分,無し,和,,13900,gmpkE_ngmXRPDNCl@@x@FTZX\Jb@@JC@GAEs@IMKGUA[NaBLg@FSBQ?a@AWQ_@Um@ISCEBGBAB?JFFDJ@HIBWEQe@s@AYGCu@@QASKGG?KDC`@EFEFMb@MZGXDPDJNDRDNFAXWZe@Ac@JULMJA^?RDD@ZGPAT@JGFUB]DGLCXBVMb@c@v@w@HOLg@Au@Wk@Ke@Eo@EWM_@Ga@Cq@?i@EUEWAg@Di@Lg@NiB@YAaAIaBDMf@k@`@s@LQvAYtAWp@KT?xAUr@MrHyARK~AY~Be@dDa@XCLK`BQxC]lBUrBQ`BwETiATcBHSp@[fBi@jC_C|AqANKVG^?N?BsA?QASIg@GWASDwBBi@@ED?nAk@lAm@^IvAIlAKh@OzAgBFEF?HAGiAGoAC}@S}Ez@Fb@@^M~Am@tAo@z@c@bCmALKFMLaAHiAFoADoDKI@IC{A?kARkBLgAZ_Bf@{A`DaIhEwIvAmCRa@D]lBLl@DrCHfAA~@IzASb@AbAHfCT`AFT@VAdCQzQ_Bh@Gb@It@_@zB_BdEwCb@Sh@MlBC`EA`@BXD`@JvAp@h@Nf@FzB@dAPlCp@p@\xAt@^Np@PzAXxEv@bG`AZDb@Ld@TTN~ArA^XRFf@Hj@EvCq@x@Sl@EjABZAd@Mz@e@lFwCpJeFjPyInBcAj@UdE}BbAe@|@_@xBs@^Gh@A`@Bl@Jn@F^AlBa@v@Or@A`DJ^Bl@JnAf@l@Lb@?\Gh@QbCy@`A[lAi@xAq@FEJXx@xBhAlChAdCr@~@n@r@pBzBr@h@lCbB`DrBbBpAxCbC~@r@v@`@zAn@t@RhBZhFx@nBXp@DZBZC^?HIBQ@KHORM\@HB`@Rt@ZzAV`CZf@F^?PETMTWL]DYDoAHuFLwJTwP@o@Do@Pq@\s@d@i@^SlBiA`Ao@Z[Xo@j@cCT_@^UhB{@TIZA|@Jv@Hb@EtBm@`Aa@~@[d@OZYFKPg@HaALcCAc@Mq@Se@_@u@IYEWDg@b@iBJ_@P_@PYTGXCND^AZANCXKZUd@k@TTTF^BTZVb@b@[x@k@|@[ZUT^TXPLVZP^TRH@JEZe@\}@Ro@HI\KPKLAJ@HDJLXTfAVZ^HJLFRJLJJNVf@HFLB`@GTAVLNDNBR?PEFCJKNa@DMLKREH?\@JATDH@NFVL
35,36,青龍寺,しょうりゅうじ,独鈷山青龍寺,真言宗豊山派,波切不動明王,高知県土佐市宇佐町龍旧寺山６０１,33.42605556,133.4510833,0888-56-3010,58.0,約58km (国道56号、県道23号),20,境内,高知自動車道土佐ICから県道39号経由で約14km,JR高知駅前から、高知駅交通バスで1時間、スカイライン入口下車、徒歩40分,無し,和:洋,,58500,{p_kEwyomX{B]uAtAqBQkBmAsE}BoA|AcBdAo@}@{Ag@gCtA}@y@aCl@sDx@s@nF|@tEm@~EyDbB}LjB{AvDoEtDmCxDUxN_@tXw@xBsC?sEq@gBChHhA~CbCfF|HRjD?fDvEfEWjI]jA}Bz@oBfC`@|Hy@zBiBx@sBjDi@pCiC|CuFJ{HlCcE]oEpAaFo@cH{I_DNuCrOWzFnAdHvAhGbDp@|BfCtAuBzAs@vDbCdBBz@iAz@PfCbAPpDfAdFyBnAiAjERfBfAB|@Cz@zBN`Ix@xEqA^_Bg@iAz@BbEo@xCmCfAeCv@{@vBeD|C{A~ALhDv@hF`AzHbCx@~AOv@|@rArFSjFk@`E\nCjFfCjDpFrCr@fB]bJMlCKbArAlDt@hFrDExEhRfVvENrDrDBnD_A`D^zB|DlE`BNh@jBhAnGe@dEHbJj@zGvB~HbE|Aq@tCiCzCyBlD}@zI~@nDyBbLVzFpDfIt@|F`DvBz@jGbD`DjDB|Cx@fHa@`HfDhJtI[`EdApEjAvKrB|EbGfMNbJbLpa@tI|\jIfRtHzJ|AzD~A~UrA`DrBJrG}CfCf@jAbG`FvJbJdWhD`IsA`F]pNpBhKtA|GWxGsAx\iBzb@ZvBuAzFyD~S]dEr@vBFbAaAlDkGrC_FhFdB`EzJrKvZn[rMpKdJZtJ|JlMjPdFhJbH|ExD`BxI|GzHrF`FtCrBRnDqAlIeCtGx@`FoAxIrEfOpK~FrGpDx\vDGzBvBdDWjAtBiBtKfFnJhElFfCFdK_Bl_@xLxMdQ~YneAMtFaB`GdChPpAf@lDmAjJl@|G`EpL`AdCdAtBbDhBlQzIzc@|CjCbTlA~Sd@nOfEjEe@bTsNnEYvFjBbCtFdCpA`MeCxCrBT|PNhErAbBzErBpDj@xAvFj@bGo@dAoDbD@nGrDfToA`J}DjIcFpIz@bDnDn@N`EeDvNFpEbEx@rI@~@~CqCfDyE\qAbEcCnAYbEnCfI@`CmAtBsAtGb@rGdHQ`JpFrExEq@bEdAbFrDpIzDTxGf@fHnCdKhE|ApE~GjA`PxFdRlD~LtGdGnH|C|HdDvFxB^fLwBnJp@lMfEtDBbBmAfD_HxAmGzIiGrMz@vKDdNl@~FrB`LzNnFzOpA`CxDz@fHp@jJmGjNyFfCaDpBKjIvBlQrC`KpDjEpEtJ~K|RxLhJvF`HnAfYShJnE|_@f\pHrK|DlIx[jNjGlCxDjJnIdIxE`HxI|BxHn@nGtGfTlOhHzApEnB|AlH`AnBnAErFe@jMzJ~GhChIo@
36,37,岩本寺,いわもとじ,藤井山岩本寺,真言宗智山派,阿弥陀如来 観世音菩薩 不動明王 薬師如来 地蔵菩薩,高知県高岡郡窪川町茂串３－１３,33.20811111,133.1346667,0880-22-0376,90.0,約95km (国道56号),12,境内まで徒歩5分,高知自動車道須崎東ICから国道56号経由で約40km,JR土讃線窪川駅下車、徒歩10分,一泊二食\6500(要予約),和:洋（温水あり）,,80550,i_uiEwzqkX}DwLHiLrMqPfIcEvFy@rJjAvTpBlKmFhCiBhDwEeB_D~BuD`AgB~@xCxBdDbDZtKxMzDdCbGZKjCpBHnI}B|JHzCdDfZpLrLzE~Ot@tDrBhPvOvFzFvHWhLKhCmCu@yDsBwDt@yJ`I_VjAuIeBcCj@oNfE`@{AhIhA`YpEzJtEPlNiCtMjL|T`MtYdZjMlXeAnHxBtCtNr@|OsD~LqCrLz@~HjDjAnEfM|HpIhD|BjJpBdC~GcAdE{Jxd@dElKvOrOkD~EvDuApJ[nG|BlAtNdAlIlKpDtH|@fOzD`d@h@bG|CpBr^n@|FtLnQfDtUxMdGFdDmFjC{QtAaGvCcAbPwNhM{DvTtFrTkBzn@gP|H{KtF{BfDa@~DeCpBxAbJhEnEeAxFhBFtLxFdMxKjQjWvFjUb@bMrLxSoA`GjBxJiChHxA`B|DrBnDpHInT`D|LeA|B|BTpKyDbi@_CdQ{PxYoNng@l@zt@}MxSObQ|LlPhA`PaDjNg@t^pD|TnEdTtNh]dCtRZtIpEdGdBzJnGaBfIfQl`@b[xJ~GrA|DrJjPxMhJjR~G~BbQPxKhCnB`KdG~Cy@rB{C|C}JjCgNxIwEjS`EbHfHdQtBbDvSlEpDQnIjIvI`MtJpJzIbD|N`E`B~N^l@~U|InH`OjCpc@|Ah]}ElLtPrQf]zJhGrDxArF_BxI~]nC~M_@dIFoHr@qCbBk@~ImAxHuDrL}CfLyHpMaCbKBtG_DvLwFjFm@lJrKvI|QzWbL~VmI`KbS}AvQlKdLvDmAhE`DzJ`RpOfPnOvXncAtvAxWdGlIeHhIeO`LiIhDJbMNhGtB`YlCzI}EhSzC`WaP~TaDf_@iJ~DcDzDzAnC~B~BwBdGyCdGeEb@aE|CyCdDcDlIiA~UbCzPnK~LoNjIaPhL_J|Yp@nAnL`IT|C{DvBcElGgB|EgCzEdA~JfEdDrEhG{AnD_BGuFrHoLvGRjRwE~HdPfApU~AfOhDrI~BvLtDbChl@yKfX_MYwQbK_KpSyFl]qGji@iR|PsFpSu@cH_TkB_[[eF`FqBdCqCwAwKlFJfEgDwDaF{RyIiCwGqDiE~BkNjBeW`Kc]BsN`BkEhM}EbFyIs@}H?wMhH{CpHrHjF~AlCiDdJsFjK}HlQeLtCWhCkF`EmBhGrC~DtCfDmAfGjAfGeAvAyDbEmFXkDrG}FdGhEh@}A{AkAlCuDvGu@`PWnMdFrEoBrAt@bAqBRiDdEg@fO_AjR{HlUmDbR?da@}HtWkJ~D_H|Fa@~G~DfDS
37,38,金剛福寺,こんごうふくじ,蹉蛇山足摺山金剛福寺,真言宗豊山派,三面千手観音,高知県土佐清水市足摺岬２１４－１,32.72630556,133.0185,0880-88-0038,60.0,約60km (国道321号､56号、県道27号),80,境内まで徒歩2分,高知自動車道須崎東ICから国道56号､321号､県道348号経由で約135km,JR土讃線・土佐くろしお鉄道中村駅下車、高知西南交通バスに乗り換え1時間30分､足摺岬下車、徒歩5分,一泊二食\5800(予約者のみ),和:洋,,49900,o{vfE{j{jXgDR}CaCqG}@mEtA_BjFyGxAiG|AcCfBsKvCwP`DmM`BcGf@yBy@qEn@qKpBcDXmJjGsL`A}MfAShDcApBsAu@sBr@_Bz@kAgAaI}C_Fp@_GHoHq@kFjGnAdCoBe@qCyCkEvB}BhGwB~AgBpCFfB}@bBqA?eHtB{CuAkCr@_C_@yGwE}EA{BrD{CfDoEPuOxMsFzEaEd@gErC_BfEgCr@gCw@mBoDkCkCaEAeDbAgBbHhC|IAfD{A~AkArEmNdGoBdBaAnGZzGoAtE{BzFgE`T_@jLoDbSfAhEpChFbBrCzM|F`JrIeFhCoEe@fArMHz@eFhAuC~AF`HtCdV@tGdEtG`AhDDj@eE@uJVwFdAiRxH_TtIg}@dRmMzJ]tHj@bIeDxBkO~HiQ|C{Z~F}FIsFeVoDiKEuMkBuPoEeLmBaAmGNqF~EgIiA{HtJQhGeAfCaIxBgCu@yD}E{Ei@sEgD}EpBgHlA}E|IaDhBcDIsCaCByGgCuAuF~@eIm@wGF{DfFiFlE_CzHgH~GiDtF_E|@aK_JkPcCcPHkD|BgEdDU`CqBvD}J`FoBxB}AZ}EeEkAMw@v@{HjFwD`AkOrB{NpCsFPyHfGuJ`GmK|AqJkDqI|DuCr@gJaAmQeDsJOgHy@sO`MsHbPeErCaHIaEpD_I~@mGz@{CfC^xH~@|DiBxHiGtIeFdAZdBqDbFsGvEcDfGh@pIdAlDlDfCvBlDkBd@{KQcAvEuAxHmAC}CeDuBC_DdFcL{DwB?qGrC{GlCi@dI[vHl@`Ea@fDmCnE}IpImHjCB`IwDxCaCtGz@dDg@b@wAgFgEScByAxAxBrBx@jAnCIhDnA|@rAjCr@vCmEpDc@|FrDrCjD`HfBxSzArTCpHt@|Fw@`Ij@rKr@vJe@tXzAfJ~C`GxHvGpDl@nErDfH|J|BkCbB`ExCnN|I|GlDSLfCnCeAtD_@pCdCvB~H^rPo@vAwBr@cCxGb@xKlCbGn@nEyAhA{CxCcCtCm@bEyC~D}@`BoDj@l@hIwCnM`CzGaEzBgEnMaC|LUjMfFjYSjH_B`FkB~AaAxEyCvAcA|BdArMkAfEx@~FbEOh@vCwAbEwCrA{DTuOtMyPzJaCvEXjLw@hI{DpDaHQcEiC{EGyFlBcB`FmFlEaI|EqCt@uBs@_CiCqJxEwHdKkNpLwLxPuHdCcB\oDfB~@tBWbCaApBgHnD{DbFBjGz@hMuFhDgAn@j@bExFhJxA~GyD`Yg@dAmFrAeFtCuHjByDhEgGfHy@lHOnA
38,39,延光寺,えんこうじ,赤亀山延光寺,真言宗智山派,薬師如来,高知県宿毛市平田町中山３９０,32.96119444,132.7742222,0880-66-2252,30.0,約30km (国道56号),70,境内まで徒歩2分,高知自動車道須崎東ICから国道56号経由で約100km,JR土讃線・土佐くろしお鉄道平田駅下車、徒歩35分,10名以上の団体のみ(要予約),和:洋,,25050,audhEqmkiXNkAGYx@kGhBkCxB{BfAgAv@wA`@k@h@[z@a@FP@T@fAj@pAf@h@Z|At@~@nBbBh@hAn@Fz@|@fANh@I~@Yv@l@V^T\HCfADh@A`A}AjD~Nr@pAdAnAx@bA~ErFnEfDpArAtA~BpBjEzAbDjChDxD|EdBvCvArCpAhDfAhDjBnGfDdRhAfHBvAM`BYfA[`AxAPTTNlBh@vIHn@MZa@xD_@|@Gj@XxAEdDHfCl@xBHX^RPHLRHf@Hv@Ax@m@vAU`@CJPLZVJLz@tAl@~BpB~JrDvPz@lBrBrDzEvIrF|JRn@h@`El@xEjAfGzEbUJrCOdBi@nBi@dAmBfBmDjB_DvB_BjBuCtCaAj@eC|@iHdCkCfAoBhAiBlBk@^gAh@aAYuDqAsBo@{BBeABa@GeAi@uAq@_@E_ADmMtDaBp@u@n@]p@a@`Dm@|F}A|EqApDy@rAkErFk@l@gAn@mC`AaBJgC?iBZaBv@q@TqBHwAGkAc@{BuB_CaCqCi@g@GmAHiBv@g@n@_@~@iAhG[vBCbAJrCNzA\`A`@d@~@j@~CX|Bf@fDvAf@f@\v@Jx@AbA_@~DkBbHiBvGkCtEsCvEe@j@e@Xq@Lm@AiBu@aCqAcASqAEs@Bo@Pg@d@[z@w@zF{@vFq@fEk@pBwAfAgBbA}A|CuAvDyBdIaE~OQ|CBxBL|NUnByBpIqG~Xc@nBE|B`@vECr@UlAmApCa@~BFvBfAdO^xBh@dAbCbBvAvAZ~@J|@?\P@?JA\QrAe@`ECdBn@`Bp@tAJrA_@nC{@vAsBzAk@h@k@pAWjC[bENnBp@dBx@|@jAn@f@JrCHdCd@p@f@h@t@v@rCb@hBz@zBtApDdCzCtEfHjAvBr@nBxAfFz@pAtBdBjCfBhAp@dAbAvBfDlB~ClAzBTb@h@j@~BxBbCnDbCnDP`@?TATGTVJJDl@`@fAdA`AbAdAjA~@zAx@pCPzCDhMNvDr@fFxB|MrBdMxAjGzA`FhDhIxBlFhBzEjFjRjBfJt@vEFbE{C~S_BvJ[fD?tDDjEOxA_@tA}BzH_@jBKlBRzLNvJGbJArGZ`_@QzFMhBq@pGiBxMs@rBsBdD_@l@a@Ao@b@mA`C_AzCu@`B}A`AyB^}APiBf@kAx@{C|C{@x@m@bAc@zAm@|DoB|Lw@~GYlCcArDQb@{A\g@LuBn@e@TYl@Kv@BbAPfDDpCk@nG]dJi@vCKrBH|FL`KeAJsBj@k@Dg@CKDATDL@PSX
39,40,観自在寺,かんじざいじ,平城山観自在寺,真言宗大覚寺派,薬師如来,愛媛県南宇和郡愛南町御荘平城２２５３－１,32.96463889,132.5641667,0895-72-0416,60.0,約60km (国道56号、県道57号、31号),30,境内まで徒歩1分,松山自動車道西予宇和ICから国道56号経由で約50km,宇和島駅から宇和島バス1時間10分、平城札所前下車徒歩3分,休業中,和,,50200,klehEwnbhXTe@IYhAS|@zAb@bAxBLNtKqApMU|FkAtCq@rEkDlU}AxJqBtR{BlJaFlF_Cv@gCc@mBu@oBB_FhCeBvBaAzDWfDlAlCPfAm@xB}FdJiKlD_AxAu@bFeFtPmBzHuAbCsEnCcEz@qApA]hBp@hJSpBqBdDkBvBwE~@_GlEmFnIyCrDuIdGiFrCoA|EiD~D{DfFoBh@uCtCqBdFcDrAiFBwEz@{EC_DY}EZmFcCsD{@oFt@kDtA}DtD_CrM}@vNqDzIgEhG{BfCyDHoBtAkCnH{A~F_CfBsAzB_@fE}@lEeClDkAv@wH\gB_@{BkD}CeBsFSsEh@kO|BiDjEyIvz@gClE}BfAiBnCyAzBkC~@wBlDwEvAgIEiFkCmBqD_B}@qDOgNqBgHsEuKqKkGi@{GdB_JzHaKbB{CG}B|@uLxL_BlAcDFwEyBgFiEmFuCuEeA{Gh@{SxIiIr@iNsDgAuA{@kFbAmIs@_FaC}CmDQ}DtEiCrE]nCBbIqIrIgFfDgK?aDeBkAuF}CsCgAu@yC{FaBeAmB{AyCuKkDwKmBuENwGQoEeAmGkHyU{BeCoOaA}Ay@y@kBq@eM_@eHa@[}ByEeBiDkDsIwB{Ik@iCPiAiA{F}FiDqA}@aEe@qDC}Ae@kKq@{Ea@eG`DeFpJmE`G_AP_AuA{L}AmHQ_RLiB[sE_DiN{K@yCaEu@uJ}LoJ_GwHqAmPx@_FwB{DuAkIGcVqKgCs@yCA_Ie@wGiCoDe@{RqCuKwByIOkJNiFyB{PiMcLaGgIqDkEsGaWu{@qGiTsE_HaC_ByKoE}Je@eSK{EwA{FaE}IsHe@a@s@GiC{B_HeC_EgBmAq@_DQkHfBuX|IwUrKkIlAgNnAmZ|@mXjFk@Fe@YCG}B?uJxCuAEmCk@yAwGiD{JaJiLuLgNcKaIgQqM_GwBiOu@_e@wJqFTOcA_CLqETgD~@gBn@iBbAQi@mAiDYi@eBoDaBiFaB_AyEoE}EqEgCuDqD}Ho@u@uAf@_Br@uB?yGeDyBWgBVg@s@_Av@uIAgJo@eN`Ay@j@w@FgBu@cEgB{Ao@}BuFoCqCcFmA}DkHyCkAsGtAoDq@eEaBwEs@iBcDgDW}CwBsE{@{KcH_MaDwAwD}@mE{Ao@oFKoHO{DiE{DwBoFWcImAgIqCqCqEy@iEoCaDQmCs@uAaAs@MmCO}AsA_B{CmBeDnAkFNeDj@gE{BiFsFmEaG}C{HuGmHw@oEuCuGkDkGwMo@gTg@YnAcBO{RYuGcBwAn@gBfDCfBKf@
40,41,龍光寺,りゅうこうじ,稲荷山龍光寺,真言宗御室派,十一面観音,愛媛県宇和島市三間町戸雁１７３,33.29522222,132.5982222,0895-58-2186,3.0,約3km  (県道31号),20,境内まで徒歩3分,松山自動車道西予宇和ICから県道29号、31号経由で約12km,JR予土線務田駅下車、徒歩15分,無し,和,,2600,e|ejEsbihXNUBECCCC?GN]@]EWQWdBoCN[@On@K`@GP@xBr@lBr@VDP~@H?Jn@XzAR|@\t@r@jAp@z@f@f@`At@JP@FKTQ`@Kf@O`@UROV]|AC^J`AqA\WLg@Hm@?k@Eo@?_APyAZ{@LaCRk@Xk@f@[X_@T]N}@J}BTw@BwAE{@?}@TeBp@iBr@cAZmAl@_@FgAZmAXa@B{B?i@DWJQPW\{@tAqAnBmCzDa@t@g@rA_BfGcAtDUp@Sd@]h@[^m@h@}ChCsDzCgCtBa@h@W`@{@dBYd@MPy@p@MHMUS_@MKQIo@Uk@IGEKF_AdAc@j@EBMGMG]?
41,42,佛木寺,ぶつもくじ,一山仏木寺,真言宗御室派,大日如来,愛媛県宇和島市三間町１６８３,33.31027778,132.5821944,8955-82-2162,11.0,約15km (県道31号、29号),15,門前,松山自動車道西予宇和ICから県道29号、31号経由で約10km,JR予讃線宇和島駅から宇和島バス40分、仏木寺下車,無し,和,,10600,g|hjE}~ehX\?LFLF@XPhAF^[Nm@^]^Vl@Nd@UjAG\Ar@^lBRdAHjATvFB|@Ej@}@|ASXBBILKP]n@U`@e@dAo@rCq@rDo@hBW`@WFUAa@Ms@_@UEQDOZMn@?^Ld@h@vADZAj@W`B@PRPt@TNKRIPA^Pn@Zj@DLFTRLVJPVRN\B^Id@_@r@w@v@i@v@Mb@Sz@WLk@H[\[Pg@FYL{AjBg@X{@VWCKQ@Wf@c@Ca@A[HWNO\Mh@Wn@o@fBiAb@m@DYCOOEm@AuBNe@ZOF[?iAA[Oq@s@OCMFEPHpBKn@g@n@OHYBkA@MJCRDPj@d@NZBb@IjB?h@H^z@`AfA`Ax@h@PVLfABR\VVHLCd@i@PIF?NHXRJXFb@ZZb@b@hAp@^l@h@`AfAvC\~@FFRFTA|@SVCNBJPThAPd@h@|@ZX\PnAf@THJP`@h@Vb@X`@\J`@EnAY^Cd@HX?\AfAJdAXz@d@j@Xl@?dDItCE\XnAb@ZT^`@CDp@z@XZhBpB`A~@NX?nABt@RV\JdBAVBd@NdHrCvDzAVRj@t@t@`At@t@P\H`@@n@C|A@|@Hh@`@`Av@dAz@pARRf@T|BRn@Jf@Xf@n@Zp@Xr@`@r@`CdCzAtAlAr@r@t@`@n@NVOJMTO@WLGXFp@D\C`ABl@Rt@^n@ZNFVSfCItAH^j@|@F~@Al@Df@ThANzADt@FXLzBDd@PZ^^T\HZP`Ae@@c@EgB_@kAAeC~@aAh@[HyCD_@T}@|@OTKd@Cn@?JI?SDaAJe@F_AViH~CkC`Bi@TeDXe@Hs@KOIw@K_@B]HKX?JGAyAMi@Eg@BqAJs@Bo@MsC{@aCw@eAS_AB}AN_EH_BJgHhAaCh@uAb@w@Vw@JcACcBSaAIq@@yAZ_ATy@F_BA{@@i@Fg@N{@b@gBpAgAp@w@`@aAVeMfCgEz@_C`@u@XUP{AbBaHbIgC|CsAbBuDbEmAxA}DzE_A|@w@n@iAp@[R{J|FqBpAiD~AuEvA{GpBsA`@wANeBAiBA}@VgBvAkAbAuBdBmAhA{AxA_GjFmD~CkM~KgRvP}@l@WHeAJ_BHgDAeAGqDe@u@IwAAwIf@cAH[?]@a@Io@ZW@m@Fg@?iAAs@Ie@Kc@U_EcEuGcHiFoEk@Ym@Ks@@s@R{DtAM?YIwEy@mBg@MEDW_@]kAiAkAw@{BoAwCs@_B{@uBoAeBgAECEJIRy@|@eBg@eAW_Ag@wCoA_ASiACu@BUCIFM@a@CaATOBWIgBm@KTEh@G|AOl@El@EhB[jDKtA
42,43,明石寺,めいせきじ,源光山明石寺,天台寺門宗,千手観音,愛媛県西予市宇和町明石１０４,33.36908333,132.5190278,0894-62-0032,85.0,約90km (国道56号、379号、380号、33号),200,境内まで徒歩3分,松山自動車道西予宇和ICから県道29号、237号経由で約3km,JR予讃線卯之町駅下車、徒歩35分,あり(団体のみ),洋,,66550,ohtjE{uygXr@yK\uDjBP`BE~BGpGlAfClAtDBtFdBtApCPtDfAhDsEhQyAd@mCbJsEfKgK`OcIrCwHRgI|@uKdIqGbFqJpCcMjJkc@eC}VmIs_@{BmNqGoIuFcI{@cWmAmYyFoMYyI}DcMcDgHDgMm@aTC_KpBiIRqNyDwUwMoRiCwHeHwYeH{JeIwFiLcQwJab@of@cL_LmEY_Qu@{GoCoB}LcGcRuHyKkTeFaHcAgEwEwMeLsHcEmFxAkCdGmGtCwDUkDdCiOjAmIcAyM\{F[_E~C_KzFuCzCaH`C{Du@aFqGmNgSaDkCcClA{EcDeEmHmDtHuFnBuFaCeUxK_RsEoPo@}KiBaIiDkToKea@}u@oRiWeGq`@yIkQuD_ICkBdB_@fBsCUgB}@iG{AiOxAsFiAmQsEgr@TqIoCyZiF{FgBi_@RcP|@iL_B_SqCe@rAaNiAkMlAmNrC_Oa@gPiD}`@_MmUsDwLjA}SiDa[MeQiNcWsDmEeGaAkJrBcMFqMuGuGsRaK{I{D}ByDPcECmBsEbAsDoDwHyH_JmLwMpFmHxNiExE}RaGgWoPuKyOuGuIfLsNxAeN}Fq@iFbB}GfOeQnEoHjAyLxHmR_AkKqDqGkMkXsCkJe@aOgAkHiFkIkEu\f@yMyCmFiSZsDoC_AsFnKw]RyJcHaH}BmPiGeUK{PkIyLdB{P_ByTa@{SuDsKaMwPoLkQmEmRrGuHjEgJz@cMnAuFjE}CxBcFTeHzCiLdEeFrNqGpDcBxA}G_B_RjCcPpJqMjIgXiBuUp@gEfGaIfG}Dz@qGVkRaDeFgCqO~AcGcBsJaM}QsCgQwJkJ{F?}FbDcEz@}CsAyFxC{CC_FnByEsA_@_FoFiA_IyGiDmEeGbAaP_AsHiG{C}CaAeFwB_HkB{IuNyT{Jm_@eDoIj@mL~BcBs@gCn@EhAfDaAnIlAaHtBkDgBg@sAsJBqGcDiDoFuD\nJ{BrJl@vD}ApB}ADlCeAiBeJ|@gHyB}G~@sBsAsDbBqDP}IhAcKkCi_@wB{I}EoGoI}[gB{R|AeG]sFmBkQuKeJkBqOaKeU}FsVqG{NyAkPvEoQvAmE_AwHmLsUPuG{AeHgHsGkAgFvGgd@mBiD{F{A{H}BqB_Fk@}XzBoX~I}TcJgSw@qC{AJ_G~BoMXiJhC_EhE{J`FqFdNyJrC{DLC`G}@fD{QnGkCuAc@{I}@iD{Fc@iFtCaElFqEkGmGCsFpByMhDa\nKg[lEyPdHmDo@}D_AiB`@s@eCcAaRQmIi@pD[m@
43,44,大宝寺,だいほうじ,菅生山大宝寺,真言宗豊山派,十一面観音,愛媛県上浮穴郡久万高原町菅生二番耕地１１７３,33.66102778,132.9115833,0892-21-0044,10.0,約13km　(県道12号),30,境内まで徒歩10分,松山自動車道松山ICから国道33号、県道12号経由で約30km,伊予鉄松山駅から伊予鉄バスで久万下車(もしくはJR松山駅からJRバスで久万下車)、伊予鉄久万バスに乗り換え大宝寺口下車、徒歩5分,税込み1泊2食付　5、800\(要予約),和,,9300,ukmlEihfjXAt@BLF?PUNk@Jg@Dk@Eu@G]BDPZTf@Bd@Gj@@~AArBBbBHrA^fEFx@KEa@Ie@EUFSTONYDq@?UBOJOFSD_@KMAYBa@X]Ha@?}@Oo@A_@Bo@NQHGQSa@q@eAs@s@kBiBc@_@]Q[IYAmAGc@K[McAi@WWEQ?WFa@ZoAH[@MG]UO[@QHQTy@xBIXC^@n@Nl@HZ@b@?PI^S^_At@WNM@UGGMCK?SHSJKl@c@P[D[@]Gi@_ByEGe@@YN[f@g@pC{BXWf@k@t@wAf@eBRmABo@Dw@CiAQkGEmAUkHOgECwA@mANoA?e@Ow@Ou@A[J}AAy@Iw@MYMSWWWQy@UMMMWYq@QU_@Wk@_@cCeAuCw@w@SaBm@aAg@kAcAc@[}@i@eBy@qAo@_@WSWU_@Mc@Ee@?c@RiDFuAJ_BZqBNk@N[p@eAd@iA`AiDfBmGR}@HeA?gFEgBa@_H@s@Be@Jk@v@aClAuDVgAZiBRq@Re@HKLUX{@XoAz@aFHk@Pi@T_@X]hAcAHKPe@Hg@@k@K}@]y@Y[]QoBeAm@_@US_@i@Se@Sy@WsAWwAQg@KS[_@YUcAm@iBiAk@_@g@e@a@o@Om@IiA?m@BkAJs@Pi@f@eA^iA\aBHaAD}ACwAGmAOsAEm@Y}B[yCOmBOiEKqDQmC[qD?]DYTo@n@yA`@qAZoBLuBAo@K}AKs@c@gBYmAE]E}@BgAF}@XcClA{FX}A@g@Kw@Yo@a@u@Os@Ak@BgAB[Je@HSPWf@a@vA}@x@U`AOREZMJGRYb@iA\s@X[\UfAa@ZO^YX_@P_@Lw@PyBDi@H_@^gAfAaBp@_AZ]\c@n@_ARe@DWBk@?[@c@He@\u@f@aAr@w@PQT[Ji@LgBBk@A_@Kg@QUs@c@[QKKMYEOA[Dc@Nq@Fo@IeAGkAFo@F]P_@b@k@|@gAn@q@t@k@pAs@pBoA`DcBpB{@`AYzAI|CAl@CpAMfAO
44,45,岩屋寺,いわやじ,海岸山岩屋寺,真言宗豊山派,不動明王,愛媛県上浮穴郡久万高原町七鳥１４６８,33.65902778,132.98125,0892-57-0417,29.0,約40km　(国道33号),100(\200),境内まで徒歩20分,松山自動車道松山ICから国道33号、県道12号経由で約42km,伊予鉄松山駅から伊予鉄バスで久万下車(もしくはJR松山駅からJRバスで久万下車)、伊予鉄久万バスに乗り換え岩屋寺口下車、徒歩5分,休業中,和:洋,,29100,_fmlE_mtjXmFb@uCBqCh@_HjD{D~B_DfDq@fBHhCGfBQlAZbAdAl@f@n@AxCa@pBg@h@yA|BWv@EbAGhAa@~@gAtAuCdEi@nCSzBSz@s@~@cCfAmAnBg@dA]VyBb@wC~Aa@h@WdA?rCt@bB\fBoBnK]zDL~C|@pDTxCQdDiAjEy@vB^`G`@jLtA`ORpCCjEs@lDoAfDKzBJrBv@zAvAfAlBjA`Aj@r@|@j@hCdAvD`D~Bv@^t@x@\zBSnAg@l@oBdCwAfIqBzF{@bE_AnCcArDAvAb@|H?zH_@xBuBrHcBtEgAjCg@bFWvFTvAl@v@tBfA~IpFlCx@pEvAvBjAl@p@Vp@d@`@t@Tl@l@\hBIxC^~BQzBThKn@dT_@|DkBhEkErDo@~@HbA|AxEC~AaA~@Mz@j@RbBuANeB[wABaAj@_Bh@iA^Mh@Zo@xDLf@pBfAjCTx@ZfA`AzBzBdAfB|@rCzJnStChGxArD^hAeCtAeCrAiE`CcGrEwGjGALOVeAj@qLjKqAd@aCBsC?qA^gFjDkE|Mu@jA{GdE}C`BuA@kBJkA|@}ShVuBjBaC|AuTlLyB~BaC|CwC^_CIwDgAsBDiOtDmBjBg@h@eAb@qCMaCAaLnDuLhEoBtAaBnDyA~@yAC{A_@}@u@oBiF_As@qAEiA\cAjAq@`AkAp@qBHsAX]dAShF_@`Bq@tA_@|HKdBa@tA{AnBiAvBk@vOk@rDcHzN{CvGG`@AROIWc@SUYQ{A[kCa@iADk@Z[`A_@dDg@bDa@j@EGLmA[MuBzB]EWiBU]s@^gA`AGh@[bAMUJkBWC]pAQ|B_AxCgGjKyCjHaAzAq@bBm@h@i@j@c@xAUJ]KQ@UjB[xAc@h@}@z@wAn@y@XWrAk@Tc@h@W~AArBGv@m@p@}BbB_@xB@jB]nA_AjA_AdBMr@MbBGh@[Ts@ZUcAWMSLa@l@sB^q@V[r@mAl@_ARc@TW\i@`@IJP?RFFLQ\aBKcCz@cAbAYI?mAmAd@qCMaBz@KRRLp@YPd@}@hBg@TuAC}@f@cBl@w@?mBUkCWeAIi@@F~Ba@~@{At@m@ZqAF{AZcA[mABsAZeAPWrAkApAaEpBqEzBiALWXe@~@q@~@gAtBg@hAk@d@oE~CQVqBdB_@|@g@|Bw@dAw@fCRnBXfCAl@Cb@}@XyANu@Ei@C_@BCP]t@cAj@cAz@sBxCuBxCqEpFkEbC{An@Gp@KtAmBf@_Cv@{BxC}A~DmA|BwJpIoCtEmAnB_AbAqBh@YRI|BAP
45,46,浄瑠璃寺,じょうるりじ,医王山浄瑠璃寺,真言宗豊山派,薬師如来,愛媛県松山市浄瑠璃町２８２,33.75355556,132.8188611,0899-63-0279,1.0,約1km　  (県道194号),8,境内まで徒歩1分,松山自動車道松山ICから国道33号、県道194号経由で約5km,伊予鉄松山駅から伊予鉄バスで50分浄瑠璃寺前下車すぐ,なし,和:洋,,900,eq_mE}dtiX?f@D^@XETEZB\Ur@@V?REBc@Hk@HB`A@h@EVKFQ@_@D_@PIHIVOb@INGDM@QBYJs@V]@GCg@fAY`@s@l@OBWBe@EiBGa@CAHCf@IrAC^EAIpAI`B?FJNHJFTLbAH^HVBJE@UAe@AeBKDcB
46,47,八坂寺,やさかじ,熊野山八坂寺,真言宗醍醐派,阿弥陀如来,愛媛県松山市浄瑠璃町八坂７７３,33.75805556,132.8130278,0899-63-0271,5.0,約5km　  (県道40号),30,境内まで徒歩1分,松山自動車道松山ICから国道33号、県道194号経由で約4km,伊予鉄松山駅から伊予鉄バスで45分は八坂寺前下車、徒歩5分,なし,和,,4500,sl`mEs`siXEbBE?aAE[OO@UPg@l@SVQN_@`@EBAKKIFSJGFQh@oAF]BMCMCMEIGAYE[EoAOy@Iw@?S?ECJa@f@kBMEMAk@VOPMHMBkAJmALyG@gC?S@IDECAHAPAJCJE@[@sC@?cAIcBQgAEKIG_@I{Ac@QG_@C_CHyABS@G@AMM}@EUW{@Wk@M@]B_BNcHv@g@DMCK@y@Js@HeADW@CFo@?aA?kAE{EM{ACaAB}Eh@{Dh@wHxAwAXcAPwAHyCFsBDe@A}@MO?u@Ig@EyA?q@C{@?kB@{BBgSMuAAaAB}@LaI`CsCl@eADEB_BAeB?SA_BAcB?kEC
47,48,西林寺,さいりんじ,清滝山西林寺,真言宗豊山派,十一面観音,愛媛県松山市高井町１００７,33.79361111,132.8136667,0899-72-0319,3.0,約3km　  (県道40号),30,境内に隣接,松山自動車道松山ICから国道33号、県道193号経由で約3.5km,伊予鉄横河原線久留米駅下車、タクシー10分,なし,和,,3200,oigmE}bsiXADi@?oA@cB@[D{@BaBDo@Fw@@wCDqBDoA@gDEkBGkCQqBMcH_@aBKcEMkNg@mEO_CEcBCsA?eBEe@?OEkAAyEG_EGwAA}@Iu@QIf@WnAIb@CAAHk@xCq@jDu@vDuAlHs@BE?ENOZIGEB_@LMD}@JSBi@LW@W@@NmABI|BIpAUXAB
48,49,浄土寺,じょうどじ,西林山浄土寺,真言宗豊山派,釈迦如来,愛媛県松山市鷹子町１１９８,33.81680556,132.8079167,0899-75-0173,3.0,約3km　  (松山東部環状線),15(\150),境内まで徒歩1分,松山自動車道松山ICから国道33号、県道40号経由で約9km,伊予鉄横河原線久留米駅下車、徒歩5分,なし,和,,1700,uxkmEy}qiXLELAFxDBl@Dl@?HYvAWlA_@vAe@nAqAjDe@rAsAlD]bAIPKAMAS@ODm@b@e@RAFiAf@k@Xo@d@WTULKBSKECIBU@OBEEGSIQIEIECACDWWKO[uAYqA_@{AGGNsAPmBAKMYOOS_@s@x@i@n@CN_@AOAEEI@]GSEG@YBMDGAu@HM@EBGCYBy@D{@?YEk@E{@K[?_@BY@QIIGEAIEOIe@EwAKq@IOGM@KFKb@I`@GJsBLc@FYF_@DW?OEUQWWMIKHYXc@j@CBECSOa@Kg@]_@WFg@FWNWJGj@ULQHUDk@AQEO
49,50,繁多寺,はんたじ,東山繁多寺,真言宗豊山派,薬師如来,愛媛県松山市畑寺町３２,33.82777778,132.8050278,0899-75-0910,3.5,約3.5km  (松山東部環状線),5,境内,松山自動車道松山ICから国道33号、松山東部環状線経由で約9km,JR松山駅から伊予鉄バス25分、繁多寺口下車、徒歩10分,なし,和,,2800,mcnmE_lqiXFXATE`@ITONk@TKHKTIb@EXp@h@`@PVHVNOj@c@xASl@QT_@XSZY\YT[^GJBDINITCXu@OKCADE\Gb@AVCZCHQl@ENCFCCCTK`AKbAQbBq@KM@g@LIA?FGAMCCAg@g@[]a@WECAFIVKXYK}Ae@_AW_AMg@GaAK@Ii@Gi@Eo@EkBKADo@GQ@e@Es@A}A@m@Q_A[]~@GXe@BcB\M?GFGCIFsAVMBwBZiBVwBTkAFi@RcAn@c@ReAP_@HaALw@JqAJu@D[Fg@DWJKLYPo@^WHw@Ei@A_@@aBXq@JC@M_@Yq@OSMQSC[?Qc@}@^k@Pc@H]FI?AUEm@}ABcA@FnCBZCNCDc@Fe@R
50,51,石手寺,いしてじ,熊野山石手寺,真言宗豊山派,薬師如来,愛媛県松山市石手２－９－２１,33.84788889,132.7964722,0899-77-0870,13.0,約13km　 (国道437号),80(\210/h),境内まで徒歩３分,松山自動車道松山ICから国道33号、松山東部環状線経由で約9km,JR松山駅から伊予鉄バス25分、繁多寺口下車、徒歩10分,なし,和:洋,,10100,q}qmEs{oiXULUFi@@c@?]P]RY`@QZEPOpAAh@Gf@Sv@OVQRUZUh@K`@K~@UpA[nDE^Kf@[v@c@nASr@K~@D|@RnAPt@LNBB?BIh@Cb@@HHNNZRr@Bn@Cf@Il@GRWVG^?ZOB[Du@BOBGJw@f@WX_@l@MZKh@GTKEO?{BXq@VkA`A[^Up@SZMF]F]VKP]bAUn@ENAZEf@DfA?JFVc@GAHE\Of@PRCl@AVo@E@H?B?DEH[RW?c@LE@O\Gb@CAEVAH?JDZFd@Bl@?P_ABIHW@?F]@@R@P?JAFe@j@IPUZu@JA@@HJl@k@Vk@\s@p@U\m@lAeBtDeBvD_@x@MN]V_@Ny@FkADqABg@Hc@Ry@t@m@r@e@r@]\SN_An@_@f@eAfB_@b@a@Xq@\oCdAaBp@a@Nm@Lg@AYISMMQULKLK\?f@APGRGDODoAL}@DQ?e@I_@Ag@Du@\k@PQCWKa@IiAC_@MQCSFMTUVUNBFCBaAb@g@TEHMZ?TDVV`@R`@BR?XObAMh@ON]LIBONEJSnBU|AO^SNi@b@KNIVMf@SRWFSDKJC\G^GJOD[Dg@KUMk@s@QUOII@MJSj@Kt@@n@Ff@PDNCRDFJ@LAFMVQd@k@`DMx@Cf@Cr@Gb@Kj@KXc@`@QPGLET?TAn@EZK\Sp@Ef@Fn@?R?FEDHNHLFHJF?FEf@A@A?QDCFKlB@H@BK@U?IR_@rAUz@k@xAGb@CnBB`AEx@SvDC^KhEMtG@jAEfB@RATc@Q@OIRED?F]HsAr@_A^iA`@qB\?D_@Fo@J{Af@Cb@@fCA`@?PHA?TE??h@A`AJ`E?N@\C??N?xA?nB?nAEFSB?FG?YDC@CH@v@K|CEdAAHJ?b@JJ@Ev@Gr@EV?FEFi@^ULeA`@kAj@qAj@k@`@EDFb@F`AAdBErBIj@Ad@B|@?tBApEB~ADvB@fE@|@?BE@Aj@C~DCjC@~C@tEGl@CNCFGCUEaAAY@WFsAd@[HSLk@^g@^u@d@SNMNMZDBCDEBq@ReAZK?i@WWQo@Ka@?y@NgBr@[HI?ECEACDIJMJ_B~@YX]`@_@b@q@d@QXSlAIZS\IJ]RU^G@AH?RP~LHrB@~AGRILGFBDVj@^v@\b@f@bARf@HN@NDNLXj@jAnB`EZ^PNGZNFCLBRAh@JrC@d@BRMbBSjDGrBCd@Or@C\?ZAb@I|CBrAHd@Rp@?h@YpAWv@w@dAI^G`B@h@Jl@@V@FE?G@MHMHG?KKOOG@OT
51,52,太山寺,たいざんじ,瀧雲山太山寺,真言宗智山派,十一面観音,愛媛県松山市太山寺町１７３０,33.88502778,132.7150278,0899-78-0329,2.5,約2.5km  (辰巳伊代和気停車線),50,境内まで徒歩５分,松山自動車道松山ICから国道33号、松山東部環状線経由で約12km,JR松山駅から伊予鉄バス25分、石手寺口下車、徒歩10分,なし,和:洋,,2400,edymEk~_iXNUFANNHJD@XSFAJAAKEc@Ig@@u@FyADKRYZ_@Pa@XgANy@@MEe@Sk@Gk@AqAJoC?i@@k@Lm@HiAPkEJaBHgAEM?g@I{CAg@@SF[g@_@_@g@uBmE_@y@KYEWe@gAs@mA[i@Q_@eCmFmIoQkAqC_AoCm@yBeDsLcGkT_@{AAIC?S??Gu@Eu@C@c@
52,53,円明寺,えんみょうじ,須賀山円明寺,真言宗智山派,阿弥陀如来,愛媛県松山市和気町１－１８２,33.89177778,132.7396944,0899-78-1129,37.0,約37km   (国道196号),10,境内に隣接隣接,松山自動車道松山ICから国道33号192号437号経由で約16km,JR松山駅から伊予鉄バス25分、大山寺口下車、徒歩10分,なし,和,,34400,eozmEcvdiXHc@F]ISSAw@?[Ae@PcB^_ARY]Wk@aAhByAgAe@g@{C{BqBWuGh@mBEuGy@}AXwAAs@i@}BsFaAaCaCkDeCoD{@aCyAeHHyBJa@YMk@[g@c@yA}BqCaIuAyBiL{KkI}HiDmCcCu@iBMmBH{FLqD_@gEiBuEuCwFgCgDy@iBDaD`AkEnAsE@cGKqBe@eBgAsAoAuBwAoEyCgAu@uNcJyC{AgDeAsF}@gN}BqFcCiE_C_FyFkEqEsCgBiEwA_JqC_HgBiDIcGV{F[kD_A}LkGkA]P_BV}Ae@SsBw@uAq@cA]{EgA}FmA}Cc@aDmAqDsBkD[wEs@{CM}@FqAR?WKc@_@O}C}@qEaBoDw@cEmBeK_CaEy@}DcA_GeAeCEaMyDmM}BwCw@mFmAmKyBuASQ\MVGFHe@wAaAgBc@yAYQDyCo@uJqBeLwBgE{@uDeAcASm@I_@DsAG{AEaDU}EuAyEq@k@Sq@w@qBuBcCy@iEsAcAy@]c@UBWm@k@oEeBeBq@wBScAgASO_@b@]Ra@kAiBsA_AAo@_CwAyDkBcBk@u@m@PwAm@s@yDs@Ug@Ok@SOaAKiAa@mByBqAkA{AoByBiAmD}AoCeBg@o@e@[iCgAgB}@wB_BiAm@o@EOi@qAgBaIiGuAoAiDaFcIoLaDiCyBaAqJoBuDa@_AeBaCkDeAyCeAaK_@{AeAsB{DuEqAeD{AkJkByC{HuFqF_CqAoA_@_BImFUeCoAcCsCmCm@_AUsA?}DOoAm@cA_Ay@gD}CsBaGwBuDuBcByGcDoCoAcBiAa@y@QsAN_Bn@wBNuAEgBgB{OsAgH_CgF{O}Oq@gAoBaGoF{PaCmGuCeDmGsDoDeBiAUkCu@s@iAs@gD`@{IcBwJs@qEuBgEwIyHoBqBwBsE_EsMoGsMcIiLwBiDyA{F_@gGU}AcA_CaCqBcDgC{AmBiAiCq@}C_AsGyFoMcByEg@yEeAgOHaD\cAXgAbA{BzBaFr@wCPwCImDu@kD{AqD}E{J{CaDkCoBqBqBkBcDiBeEyDwJGs@GkBI}KQ}Yc@}Jn@uD~AuFf@o@fBgDh@eE~@sI@oCt@{Ma@uA[oCBkEm@cCmC_Ue@oFk@qCDsDWwDO{CScBn@[Lg@?]k@yCcAwDwBmFgJwSqEgM}@qE{Dwa@m@iEc@wJ@eDRuAnAsFbCwJj@cA?m@~@_F|BmHdDqQjDaTrBaNj@yDSOKKoAiBk@eDGm@y@\YJo@PsBq@_AQ]NeBb@AA
53,54,延命寺,えんめいじ,近見山延命寺,真言宗豊山派,不動明王,愛媛県今治市阿方甲６３６,34.06683333,132.9640278,0898-22-5696,4.0,約4km  　(県道38号),30(\100),境内まで徒歩1分,松山自動車道松山ICから国道33号192号経由で約14km,JR予算線伊予和気駅下車、徒歩5分,なし,和:洋,,3400,ss|nEkqpjXQo@BOJU\q@HY@QCGCGFSJe@F[Rs@FQCEE@OJI?]Uk@k@OGqAEQCCN_@AS?KAWEU@]Mm@[@sAAO]@}A@gAJ[EYOGEJOHSBS@[Ea@CUIBQBSG_@Q_@Qo@OMMKs@Mq@Sk@gAqC[}@Sy@Io@Eg@E{ADoARsBt@kI`AwJZiDZgFRqGH{GXwY@wBC{@KcASy@i@kAe@s@e@{@_AaBDCa@m@IMf@q@n@u@f@}@AApByBr@u@lB}BnAiBn@kAHCHSwCwFwAeCtBkCxBqCrAaB
54,55,南光坊,なんこうぼう,別宮山南光坊,真言宗醍醐派,大通智勝如来,愛媛県会治市別宮町３－１,34.06825,132.9953333,0898-22-2916,3.0,約4km (国道196号、317号),20,境内,西瀬戸自動車道(しまなみ街道)今治北ICから国道317号経由で約4km,JR今治駅から徒歩5分,なし,和:,,3000,w||nEyrvjX`AoAxBdC|EbGpCbDnIxJlBzBhBlBh@f@t@|@hBxBb@f@l@z@b@j@~@hA~F~GbCvC`@f@Nv@b@APHb@\VP?L\h@j@h@FB^d@t@hAfBrBn@x@A@\b@z@~@v@r@`AdAVBj@v@PP\Pn@Z~@z@f@l@NWT]pCbDxAbBdAhAbCzCPJLRPn@TpAHZFLOFUNGHFLNd@Pd@n@xAPZh@j@x@|@PNCBa@f@SV
55,56,泰山寺,たいさんじ,金輪山泰山寺,真言宗醍醐派,地蔵菩薩,愛媛県今治市小泉１－９－１８,34.05027778,132.9747222,0898-22-5959,3.0,約4km　  (国道317号),50,境内まで徒歩3分,西瀬戸自動車道（しまなみ海道）今治ICから国道196号経由で焼く0.5km,JR今治駅からせとうちバス10分、小泉下車、徒歩10分,税込み1泊2食付　5、800\(春と秋の予約者のみ ),和:洋,,3100,mnynEotrjXx@cADFp@_ADEX^jB}BpA}Al@u@rCuDX_@fCvCBBNYv@oALSl@s@BBJMR_@RSVWl@cAjAwAJUh@q@Z]\QzCy@xCjDrB`BdCfB^PdAl@pBtAZo@HCVLZ^`ALVBZG^MTCLFRRF@FCd@p@FHBEPWtCaEb@q@LOJQhAr@dAr@hChBzEpDh@b@d@XxBhAxB`@v@J@ITBbB^pA`@`Ab@rCnA`Ad@JO`A{ArAsB`FaIBI[W_@[m@_@MM
56,57,栄福寺,えいふくじ,府頭山栄福寺,高野山真言宗,阿弥陀如来,愛媛県今治市玉川町八幡２００,34.02947222,132.9785833,0898-55-2432,3.0,約4km  　(国道317号),10,境内まで徒歩1分,西瀬戸自動車道（しまなみ海道）今治ICから国道196号、317号経由で約5km,JR今治駅からタクシーで15分,なし,和:洋,,2400,wlunEqgsjXLLl@^^ZZVCHfAhBx@rAxAdC`BlCJZF@Vb@j@~@d@x@FHD?h@PdAb@^NT@b@?XHh@Rz@FjAL\?\DlARN@@IDOBCZBd@B~@Fv@@b@?RCf@Yl@[h@O~@Kt@@NAHEL_@F[NWLGVEfBQn@Cl@BLAPA@YCk@Ga@y@aEd@QXEb@ING\WNUN_@X{@DWFs@BIJSd@_@~@e@|Ai@J?d@N`A\b@JH?j@SJAD@FHBLARu@fAGN?PDHFDLC^c@t@URG`@Qj@i@d@i@f@k@LKDSEk@BSRUPUF[RkAF[HKf@QXGXCj@@TKLMLKRCVHJNBTETIHG@YJWDM?QEKBGNE\GPMLQJGP@TDRAt@BHJLZZLRHb@FVFLHFZ@VEL@HD`A`@HHHVBb@CbA@ZBBBKFe@JSJGNEDEFg@
57,58,仙遊寺,せんゆうじ,作礼山仙遊寺,高野山真言宗,千手観音,愛嬢県今治市玉川町別所４８３,34.01322222,132.9776389,0898-55-2141,6.5,約8km　　(国道96号),25,境内まで徒歩2分,西瀬戸自動車道（しまなみ海道）いまばりIC から国道196号、317号経由で約8km,JR今治駅からタクシーで20分,税込み1泊2食付5、800円（要予約）,和:洋（温水あり）,,6100,{ernEebsjXC^EH[LGHGLAJCPAJCFEE?e@@mAAMIWII_@Qk@UW@c@@OIKUIc@I[YYUWCUBYCUE[BOLQNIJQBUHYFIN@TBx@SHIDI?UGSUMQCQF[ZOD[?i@@s@PQJING`@QhAENIJOPKLCJ@VBRAPGL]Zy@`Ak@h@a@Pc@Le@NUTQPKCEECOBOp@_AJY?MKSMAQH]JI?c@KYK_A]QCQBwBx@u@d@KJKRG`@Ir@i@zAOTQN[N}@Ne@LEg@@g@Hu@Lo@Nw@Dm@?[E_AKw@c@oA}AqEe@oA_@oACi@D[b@y@p@}@\q@Xu@RkAHo@VkAZ_AZcAHq@Bg@A_A?m@DWRc@f@q@HKH[B[Gi@Ki@CQGMOu@[mAEg@Bs@YCCGe@{Ag@iBYm@{AcC_@c@u@}@u@qAWm@g@{@]e@c@a@QUOYm@qBGOe@s@S_@a@oFUiBM{@?k@D]H@|@kALOJWFSHe@P@FCy@aBEUa@y@u@{BcAyCiAcDyByGcDkJ_AeCi@mAaAmBiAiBgCqDyAqBYa@OMO[_@k@IOIOBAXUZWKMSOs@g@e@c@o@s@m@c@m@iA}A_CtAgBhAsBhBwCp@cAmC{CsFcG{A{AwCyC`@o@Xi@\g@tBeDb@g@t@q@h@i@X_@r@}@^a@AKRKfBeCV]fBmCzAwCtAiBdAoArAgB^w@Ni@Lo@F_AHoBTkB\_CPcBXuDJcABQEACCESYwAk@T]PDP?JWN
58,59,国分寺,こくぶんじ,金光山国分寺,真言律宗,薬師如来,愛媛県今治市国分４－１－３３,34.02605556,133.0253611,0898-48-0533,28.0,約33km　 (国道196号、11号　県道142号),15,境内まで徒歩2分,西瀬戸自動車道（しまなみ海道）今治ICから国道196号経由で約11km,JR今治駅からせとうちバス25分、国分寺下車、徒歩3分,なし,和,,27000,gutnEao|jXV[Vc@j@Ub@IB@d@f@PCP[lAgBxBgDlCwB`O}Q`HiI`GiGhByD^YdEqAbDmAhIsErGqDvA~@tU_G^Q|KPrIJbD]vEqB`EiCjCsANCj@j@MQP\v@iAfBoBrJsHvC}BtDiDbFiGzDwG~FkNhBuErA}B|@s@t@_AzBaBhC}@`Fa@rWk@fEkAlBu@X]tB}@|BcBpCcEhGcSnAaE`AgBdDkCnE}@rOuAdEa@jCc@bKwCdKaEbBmArHuH|[{\bRuRdNsNpHeHjGsDlEeCbFoBd]iKrR}ExPkDxG{AxA}@xA{AlEuF|HcJnRkV|SuWbFoGlB_BhOyCdCk@vAw@|I_JpFyFfIuHpKkGtHwEfF{EdHqHjLeMfIwIv@u@IAn@qApA}Ab@uAxDgHjCgHn@u@`@{@jDW~CYtCw@hM}CtFsAtAAZ?CsDG{GJqFhBFbBs@ZOLaALc@tA[dC_BjEyAxAkA`@CP]xA}@X]R{@bAoAfBoC|ByGb@mAH[WKDWh@mBXSh@o@j@@hES~D_A|CAjAeAz@{@TCtANZ_@dASlA[vCaBzBs@jDu@L]d@e@n@SjAqBXDJBHl@NG`@MHAFAL\JBV@~@lAZf@RPLQ\_AZU`CCxDd@~@Ex@y@zA[xA{@vAy@xASrAa@RqCPoEd@uA`AmBfBgBlBqBd@CbAIh@_AdBwBhBeAjAc@tABlBdArAnAlBHXa@As@s@g@Eq@zFcFnBEr@PSr@MbAf@xBn@lCdBrEHp@Dp@ZNl@Tl@\x@pAp@jAh@@pAcAhAi@lAb@xBHpBEnCk@n@]NY~B_A|@ShCl@nAIbELbB_Ax@gB|@y@`@FP\WfAQ|AKvB_@x@NjAf@t@j@R^`A`Bl@R^GrB_@|Ay@d@uAXFh@x@Xr@x@BrAc@z@B^h@Hb@|@x@nD\|@`Aj@|CSl@l@p@tAbAXj@hADpBg@dC@n@hAdA?xADtAZv@jBfBfATZjApDvGTxAHxD^hBEnDUvABrBd@nFh@z@r@b@rFv@dDlApAl@t@rAj@|@TGGu@q@sCi@y@aAeAEy@A{Ak@m@`@gBWUAYd@PTz@Df@v@@JRZjBVS@cCc@}@FcB^g@d@@HVWf@d@|AtAlC~@dAtAr@fBf@`AZj@bArAq@j@Uf@JlAfAh@l@Jl@W`C^Rj@L`At@PpBLR^cA]gBgA}AVq@b@I|@bBnBhDfAdCl@Cl@BjAzAbAh@TTVE`AAFNQHWECPNFdBMb@GZDQLg@H_@BFPfAMNPC`@`Af@Ng@VO~@BfB_@|FLfCbCr@zA^Rn@M
59,60,横峰寺,よこみねじ,石鎚山横峰寺,真言宗御室派,大日如来,愛媛県西条市小松町石鎚２２５３,33.83761111,133.1109722,0897-59-0142,9.5,約17m  　(国道11号、県道142号),60(\1800),境内まで徒歩15分,松山自動車道いよ小松ICから国道11号、県道142号経由で約19km,JR伊予西条駅からせとうちバスで横峰寺登山口下車、横峰寺登山バス山頂行きに乗り換え終点で下車、徒歩15分,なし,無し,,9600,}dpmEiomkXi@L_@Ka@cAkA{AaA_Aw@OmCE_ACq@Ty@L_AAOAKHG^GJS?m@]AU@]KGq@LU@IGDOV@NKV?LGLS{@Lo@?gALKMBIJAVFFQEG]Eu@LQE_@g@i@Oc@[w@iA]?a@NKAO[c@qA_AeAy@aBi@yA[c@OE[HQNEVH^j@n@T^Ln@Jl@Kf@QZG?GI?gAKg@k@m@}@a@U?OKA[TqAIcAYg@y@g@WUIQ_@Me@JqAp@QHIGk@cAUMWAaB_@wAu@USKUg@a@i@q@m@wA[i@KcAR[CW]GWFOTE|@Cj@BRT^Jr@EzAIRKBIOQkAIa@c@C_@E@{@OYWUQCEH@HTPDD?^a@dABT`@VHXAx@DdAFPb@f@`@\R\^v@P|@RzAML[IWk@k@mAW[aA_@w@OkAi@kBm@mCWa@Ge@Sm@y@MaAKoAMo@MgDVeAFaDGsASk@Ca@CsCWmBk@cAiBmDs@kAEi@OOcAMwAqAc@}@G{A@cAE_@_Ay@IWPgATiA@}AKy@Wg@{@]SIk@eAYm@UMc@@oBP]G_@Se@q@c@aB]qAQeAOOSCYCEIAUT_@LWBa@Cq@K_@[[w@UKEOY@ONIjBc@RQTk@Jm@C_@CQFc@Do@MQi@Ys@SSSWy@_@I_@Q]mACYNc@NWFe@BaCLm@NYLk@Ia@c@O]N[\c@|@Sh@c@h@cA`@i@D{BS_ADi@F{@QkA[_@?cCp@a@TUb@[Tq@PiCf@uC?s@Es@[]K[@eBlA[\Q@i@MSWg@{AeAw@i@U[MMGASGq@AQOe@eAcC_@cBu@kCS{@D_AXqAoAU_A@m@\aBbBy@f@aAp@UTETBVXX\PLVId@[L{@?UI[[g@g@_Ai@yAq@s@@q@LoAp@}@f@o@j@y@dAOb@Yb@WL_AAOBe@b@uBrBcBtBo@~A_@zAMnFIdA_@Xc@Hy@?k@NURmB`Ac@\y@Xc@Ba@T[d@]JgBSiE[YA[F]\]bAETQOEGm@{@[a@QUIAS@K[U?a@LOFIm@KCIC_@Bq@`BQNUFc@LKNSh@gDt@s@X}@J}@n@i@^o@TUNWNG?mANYD_@d@u@Ka@CMBKLOD_AbAc@b@oAN_@AYCArB?z@Kr@e@jBe@~BGXOf@_@Sy@a@kAe@YO]lAu@fCoArEkAhFa@pDQhE?rBFdC?pHG`CMfBwAlQe@`GeBrU[xDIpDt@rOElCzDfGNV]XURILf@tBl@tBLf@FEDEFMPo@DE
60,61,香園寺,こうおんじ,栴檀山香園寺,真言宗単立,大日如来,愛媛県西条市小松町南川１９,33.89352778,133.1031667,0898-72-3861,2.0,約2km　  (国道11号),100,境内に隣接,松山自動車道いよ小松ICから国道11号経由で約2.5km,JR伊予西条駅小松駅下車、徒歩15分,税込み1泊2食付6、300～,和:洋（温水あり）,,1300,}xzmE_ukkXIHIb@KTMJ]oAcAoDAOBGx@w@iCaE{@wAEE?IGA?E@a@@k@AuAK}B}@Ek@Qs@k@q@o@m@_@QIBI]OQIe@SmAm@OMAKA}ACk@AmBAgB@}FFsCHgCDuAm@@Q?CAAC?kBk@?HsD
61,62,宝寿寺,ほうじゅじ,天養山宝寿寺,高野山真言宗,十一面観音,愛媛県西条市小松町新屋敷４２８,33.89744444,133.1150556,0898-72-2210,1.5,約1.5km  (国道11号),5,境内まで徒歩1分,松山自動車道いよ小松ICから国道11号経由で約4.5km,JR予讃線伊予小松駅下車、徒歩1分,なし,和,,1400,is{mEe`nkXDs@DGLAhAA\??GJcDBoA?uEAkFD}AH{Ap@wHvB_Wt@}I^kEH{A[IQEc@A}@ICwB
62,63,吉祥寺,きちじょうじ,密教山吉祥寺,真言宗東寺派,毘沙門天,愛媛県西条市氷見乙１０４８,33.89613889,133.1292222,0897-57-8863,3.0,約3km　  (国道11号),0,,松山自動車道いよ小松ICから国道11号経由で約5km,JR予讃線伊予氷見駅徒歩10分,なし,和:洋,,3200,sj{mEoxpkXIwB?sChA?bAL`@H?kAA}CBmDJqEFuBHmIFcFZk\h@eg@HaJZJNDNBFSXSXK`@MNATBT{At@uEReBP{AXaBBi@E}Ai@uEOiAPm@dAcENcALwADk@Jq@Je@Te@Vo@HY@a@W}BUyB@m@Fg@FS^w@Ta@LDv@Jl@D
63,64,前神寺,まえがみじ,石鉄山前神寺,真言宗石??派,阿弥陀如来,愛媛県西条市州之内甲１４２６,33.89036111,133.1605278,0897-56-2745,45.0,約46km　 (国道11号、192号),30,境内まで徒歩2分,松山自動車道いよ小松ICから国道11号経由で約9km,JR予讃線石鎚山駅下車徒歩10分,なし,和,,41850,inzmEy|vkXsBWn@oA?_G[eEe@{Cc@sCcBcCm@uDw@[oASgBeAiBoAsF}G[Q_@yAs@mCqBwHcBmGeBiH{Fgb@w@wCg@gAwAoByCiCyBaBeA{@We@m@c@eB_AkGyEwBeBgA_AmAyA_C_F_HqTwHeUwEePwFqTaImp@oKyo@y@sDwAmC_EmF{@_C_@yBsE_k@oBeVeBiT[sB][M?QCPwB@g@De@`@yDZmEB_GqAyOyBoUkBcRsBwKkEeMcH}QsRoo@}DiT_@}FwBaQ_DkVgDqWaDuVeCiMqHg_@OcAFSMcAWoCYeE]wCk@eDaEeT}CcOc@_FIaE@aIi@iM{AeUqBmZgGm_A]kKJgPg@aSQyCk@qDiAuDcDaGqB{E{@qE{F_IqAuEUqHM}RzAoNxA}KzDoOdIe\jAmFfAsG~@yCpGyMhD{HZcEc@sDgA_C{B_DsC}F{AoDyB}CeK}LkIwJuA{B{@cCi@mCWiDs@cSc@cM_@oFgIuYyYi`AmC}Lm@uJA_OAcM[qFiEmWkCgPyH_e@mBuLuAeOyBkVcDe^aC}WyAoH_EmIoBiE_AsFC{JQcJcDsZkCmVkCmVqA_HiDaIoA_Dq@}CW_DCaIc@qN}DkS{BuKeAuKeA{LQ}Hb@kH`Eyo@l@uJBmGeCsS_@cEO{F}@oOkAcOS}GY}YSkUMmEk@yDiH{XgEsOwGgO}EsKuBwFe@sEDqE`@_D~CcN`AcFRwFY}DHg@NUt@@p@GlAm@CgASuBFiAr@kALgAYyAc@cATYxCmAlAiAh@y@WwCk@_B}@gFVqD}@uJ?iCi@eDa@oEJiAm@yDU{FPuD_@cCUqHiC{Cu@y@uAmB`AuAI[e@U{AsB@{@I[Gy@TyIiBeJ_@c@?}ALg@T_Ax@aAEaBMi@@m@|@}BtAmAlA@VUdAeAFmBHgCr@cAK{AYc@a@g@Gu@t@W\Ye@g@QUH_@n@o@|@cAZY?a@JaB|@s@ZDXKl@YNEZRJONRh@d@x@Fz@bCyA`@y@h@Gl@rBn@rAEVUC]^y@DcBO}B\k@dEsAjAc@f@_AKc@y@MqAq@e@{@Y{@_@Es@T[eBBe@VgAV{BdBqD^e@nANp@MX{@zBEnAkBjBiA~@_@Dm@[[cBZoBJUOEq@a@iAaAo@mCTgAOiAoBGq@Pa@Cs@oAS{Bk@QY`B{BpAC`@Yj@kACy@BuCy@]aAqA{AgC?s@pAo@p@gA`@{A~@gBPi@Ff@Cl@sAhCG`@LTzBmAb@?FTGvA^~@n@cA|BwC^aA
64,65,三角寺,さんかくじ,由霊山三角寺,高野山真言宗,十一面観音,愛媛県四国中央市金田町三角寺７５,33.96683333,133.5864722,0890-56-3065,27.5,約30km　 (国道192号、県道8号),30(\200),境内まで徒歩5分,松山自動車道三島川之江ICから国道11号、192号経由で約5km,JR予讃線伊予三島駅下車、せとうちバスに乗り換え25分三角時口下車、徒歩45分,なし,和,,18100,kcinEg`jnX{DdGOVWc@EeCqDx@~AuEDyAb@Ut@OvAcBhA`@zA_BhBA_@gAh@oAuA_AM_Bb@e@KaD^yB{@h@kAVSc@YuG}Ae@eBAi@KaAfA{@^w@UDsDWgAg@IgBTo@{AbBwAoBiE_Ag@`BeDr@gAEm@w@{A]qA{AeA{D{Dt@}FTw@i@CaED}DsBEu@zAkBF{B{@c@mB\sAeGLeA]]gCILsB_CaFgB_BwAaCm@mBr@{ApBmBq@w@qAa@gAa@kB_Ck@}@AwCy@sD}AiCOiBQnAw@bCeBsE_BeDCsB{BgAiCmEkAm@_@o@iAkAHUh@XtArAxCdBKuCaBsB[wBXaBcBwD}AgHMgAqBaD}@sDaAiAmF_LqByDoAsFoBuBc@{B_BeHkCqB}@oCgAyDYsDcAyDViAqBwEm@He@Yg@}A{@Az@{BT}DKgFaByAqAUkAaBBoDKcEqC}CuCiCwBcIg@sMgAyHUuBeAwAeA}E_AqDsEkCoBmD}@eHpBmJVuDyB}EcAaH`CcKjAkIpA_EMiDsBsDe@wCKqHiAiQWcEu@}AkEgIcBwFgAqGQkJvCuMnGiTjB}IUqIyCkNoBqO}CeKkGoRiCoNuAaEkAuBb@}COeAmBuBmBdAa@Yu@nB{CzCaARwBoAu@LeCrCaAtFc@tHhAhG_EtC{CbCkEp@_@lAXv@vEPnE}AdAG`@pBLtDa@|A_A~@mEfAiCr@U|@~B|A?p@}AtAyAbF{AnAs@zAOlD{AlAOlBOdCo@`@mMK{FEiCZMb@YTO{@kEGq@WaBf@uDIiAMCc@l@gB~AeBjAeA~@Kl@oCrAaA[iA\s@l@w@Qm@sBDeAw@k@?gAdAoAA_Ap@mCsA}HPj@WpDYnDDt@Hn@e@dBYtA_ArBV`@QjAYbAdAzBJ\pAa@vBqAf@n@lBKjAwBlCEl@bAR~AU`B}@bCt@t@p@hAnDy@dFx@iAn@{A?mC_CuHr@{Ce@cAu@o@l@kAnA[pAeBjA{Dm@QiAPwCh@o@z@sEgDcAgC}@iHDeFq@_By@gEcBuIwB{BDc@d@BVcAa@qBWu@^UNoAp@cAbDr@fACPsAToB_@sCBoEm@{AaBiBE_F`BoKMq@{@MqBA_@iBo@eD_C_G{@sJ{G{G_E{FgBuG_C_HmB{BOkGqCmFmBeAmALeCGiAk@aEcBo@zAqAb@sDiBcAc@}@}@o@yAc@GMb@b@nALfB[NwA_Ay@@uCTm@^qBg@iAw@kAH}A~@a@FlCPXJ[VoCZwAp@kDq@gBDo@qAo@cDkBLm@n@
65,66,雲辺寺,うんぺんじ,巨べつ山雲辺寺,真言宗御室派,千手観音,徳島県三好市池田町白地７６３－２,34.03477778,133.7231944,0883-74-1707,9.5,約10km　(国道377号、県道241号）,500,雲辺寺ロープウェイ山麓駅　ロープウェイで山頂駅まで7分　境内まで徒歩4分,高松自動車道大野原ICから国道11号、県道8号経由で約9km,JR予讃線観音寺駅下車、タクシーで30分,なし,和,,9400,{mvnE{|doXl@o@jBMn@bDn@pAfBEjDp@t@I`@g@nC[ZWYKgC@ES`@Gz@K`@s@jAIhAv@pBf@l@_@tCUx@AvA~@ZOMgBc@oAuALmCOeBRM}@^cDt@kEg@}B`@aAUmAv@mFnAeAD{@g@cAb@oA~@qCEu@aAm@e@kBJyFhBcEQqCWkFXmA}AC}A}@w@mA}@?sFyCs@}BWoDkA}BkAaA_D_I{CwCoAmBuDy@}C{GwAy@_E]aDsAa@sAu@kAyACgEo@yAsAiARmBK{AmBmA{@m@cBuAy@gACaAPaAo@a@aB_Ae@aA}@{DiB{AYcBmCsBsBcAgB_BaAuAeBiCyAqAaBoBoAmBqCkAsBm@cCPwBjAmB]a@qAHk@ToAgBeCwCYwAsAkGuCaDkEeGuCiAeBi@i@{Aa@eBuAgAgDs@_AgDA}A_@_A_@FqAr@Ks@h@eAAk@q@a@?y@wBgFo@mA_AHiEbGaAnCmBhA{@~AcAVWs@hAsCBgDr@oBdA_ATkBd@}@`As@Ae@gBf@yA~Aw@DcAz@q@HOl@_A`@[dA{AzAW`Bn@tC[~@y@f@HlBy@^Qd@[tAk@Zq@GoAi@[l@KhAg@NJJrCSTTiAlGeDfC_AUuAcAIPcAnAPn@~@f@Vl@FdCAh@s@VRl@p@LZ|@d@`BGb@sBCMb@\h@d@lBCdB\rAMfCnAb@l@n@GnDl@pEMrCTATyB?mBo@iCNgDQoA_AQOc@`@kA]y@d@i@GYFgAAg@t@{@`@nAhBfELv@d@GVRKvAn@zC`@Br@?FRc@lANx@lA`@h@^OhBVfBf@D|@T[`B_@tAf@EtCSD^{@zAiC`FGrARJlBI~Aw@RhAnAh@}CxA{@v@qB`AuBrAkAN_DxDeDzE[p@UQgAn@OCHk@lAgDlAq@|AyCpAmAd@yBt@kBe@HmBvBgAb@}A?k@a@g@lCi@D_@o@QJUrBqAtA}@b@iA`@s@uAGcAS{@HdBd@fBn@j@fC_ArBkARTM|@cEjCy@`EUhC@hAZ^rBz@jApArA|BGf@mAi@kCQkAAm@k@a@Fm@v@y@GcA{@yA@uBt@cHb@uCd@yCdA_OfDqDp@aHWoJC{AOsAv@qCz@}H~AeBa@uBeCyAmAk@gBi@q@{A\cJrEqDVaBh@wFvFiBlAcAlCw@dCeCx@aEt@}D`BeDP_GjDwB@cCe@yATo@`@~@lDM~EYbEzBtRn@hIhB|FvCdHlAbEX|BZtCAl@UmA]Is@Da@TPxBu@hAuA`CsATo@B]^NzCsAd@i@h@cBT{FbCwE|Eg@b@[}@w@_B
66,67,大興寺（小松尾寺）,だいこうじ,小松尾山大興寺,真言宗善通寺派,薬師如来,香川県三豊市山本町辻４２０９,34.10247222,133.7188889,0875-63-2341,9.5,約11km　(国道377号、県道240、21号）,20,境内まで徒歩3分,高松自動車道大野原ICから国道11号、県道240、国道377号経由で約8km,JR予讃線観音寺駅下車、タクシーで15分,なし,洋,,8300,opcoEe_doXv@~AZ|@iAtA]Xe@NwB\kD^qADsACe@As@BYPKJm@~@Y^^d@V^RVTpADr@EXIHcA^cAX{@Zi@NiAVQPYJi@FWFKHQl@O\[`@Y\FPf@nByD`Bq@Zb@xAR`AFb@D\FzAEfAKvA[tCEdABbAJ|@Jh@EBmAl@i@V_@PD\p@~FT~Aa@Nc@Vi@d@YROFq@BSHUJBTATAJWbAKv@GzA?dAHjDOzCOn@KXYn@yAtB}@zA]p@uCjHOXy@`AwAvAaBzAs@j@SXm@xBuBnEmBhEUt@Qp@Qp@[p@GV`@tGNdCBx@APGAE^c@vAu@|Bs@jEc@rBw@nEk@lEUdCW`BQfBWdCUfB[jCY|AwA~Fk@`Cu@`Cg@xAeBhEiArCk@pAYlA_@vCYtCSx@qAhD}@hCc@rAiAnDm@|AgArCkAlDkAnDo@fB_AzByAbE}DxKS`@Of@q@fBSr@Od@Y~BMfAQbAW~@Mh@E~@Il@AIE?g@PEHKDF^Bf@?^Gp@a@|BWvA_@zAa@rAw@vBQ`@_A~A}A~B_D`Fc@~@e@jA]tAS|@]~AKj@Cj@EfAC|BANIAm@AwAL_@Rw@l@kA~@cAt@OHf@n@IHEAHn@GD]TUJi@XOLMXm@bAMf@ItAI~AKhAW\a@\GNE\@f@JZB^?HG?GLCNAZQTYH[AGAOIUe@UaAA_@?YB[AKSKy@M
67,68,神恵院（琴弾八幡）,じんねいん,琴弾山神恵院,真言宗大覚寺派,阿弥陀如来,香川県観音寺市八幡町１－２－７,34.13436111,133.6472778,0875-25-3871,0.0,約0km,20,境内まで徒歩1分,高松自動車道大野原ICから国道11号、県道8号、21号経由で約6km,JR予讃線観音寺駅からタクシーで10分　徒歩なら30分,なし,和,,0,e{ioE{{unXe@EKREHE?GECO@a@Bq@GY
68,69,観音寺,かんのんじ,七宝山観音寺,真言宗大覚寺派,聖観音,香川県観音寺市八幡町１－２－７,34.1345,133.6476389,0875-25-3871,4.5,約5km　(県道5号）,20,境内まで徒歩2分,高松自動車道大野原ICから国道11号、県道8号、21号経由で約6km,JR予讃線観音寺駅からタクシーで10分　徒歩なら30分,なし,和,,4500,q}ioEg_vnX{@iASIODOLK@EGKSI?EDBNJLRP@DK?[[GEI?CDDHRLDLATLVPXADGHEFc@?Q?y@sAd@cAz@wAZSt@Sx@[NKJSTeBBaAEo@@e@b@_Bz@kCz@wCF{@N[@QOY]k@y@_BmA{CWw@UaAU}ACw@RkCDs@?q@IgCDsE@eBKoBm@yE]oA}@oCkD_Om@gCQ}@KwASwCGk@k@yBgCuL_AuF]_B{AiGEWM_@u@kAs@mA`Ac@Qq@?IC_@A_@LwCXcF\gF@iDS{FQeD]cFc@aF_@uGEmAA[BOBa@HSASGk@?{@C_AFqBFeA@}@KeCCyCJ_DVuCb@mE^sBNs@BYCaDUAa@OuA}@q@a@[YGa@AGb@s@DIFEJH
69,70,本山寺,もとやまじ,七宝山　本山寺,高野山真言宗,馬頭観音,香川県三豊市豊中町本山甲１４４５,34.13972222,133.6941389,0875-82-2007,13.0,約14km　(国道11号、県道48号）,30,境内まで徒歩1分,高松自動車道さぬき豊中ICから国道11号経由で約2km,JR予讃線本山駅下車、徒歩20分,なし,和:洋（温水あり）,,11300,w|joEub_oXIIC@KLc@r@CEQOg@U\u@|@{BBGCGOa@Ic@Cs@AiANs@Nm@L}@Co@Gc@Qi@_@s@wAoCGS?GUQOKmCyBqAkAq@_@w@c@SM_@Oi@W}As@mBg@gA[m@YoAc@cEmBmB{@qAk@mAe@yBcAcBkA_Bu@[Ga@CeAKk@O[K]M}@Yi@Oe@G_AUOIgA[qCi@mIcBeHuAaFcAcB_@eB]m@O_Aa@w@e@oAeAyIcHgBuAwAkA_EiEuD_EqAsAm@g@eAm@aKcE{@e@oBgB}@w@}@e@i@Qo@M}@QgEw@gDg@u@QeB]wDs@oOwCmCe@yEk@kDY}BYuEe@yBScBQq@IOB_@EoAKsAQm@KuEe@gBQcCSwBWs@Is@G}AMgCWcFi@eGm@kCUkAOuBS}C[yAKUCy@MkEc@sAO{Hu@KAGHURINQj@Mp@Kf@SYi@a@qCoAUIEBABGD}DjAwA^c@Na@Hg@A{@GsAKwAIqAD{Qp@_JZsGDiCEeCO_AAuCDkDD{CTkBL_@JsBnAyB|@_@^WVU_@mAk@kAs@iAm@u@a@uA_@qD[g@MaAe@UIGMQMQEa@O{@IqB[UGm@WeA[aEkA_CcAq@MwBWmAi@kAWkA[mBm@AFGCC?MFk@b@UPQD[AMDqAcAW[Yi@iA}BaBgDq@_AWWo@c@}Au@aA_@a@Ea@B[HUL{AvAKNKTWUs@m@Sc@Y_AMKQCE??LHNF\Ab@Cf@@hAAj@CNE@GCCOMi@Qo@GCCBCVCn@FXADEBGAEEQaACCCBAZBh@CBC@CAUeAGAADCb@Dj@FXHPJN?FIBc@e@c@{@G[A]@e@ISYi@GMc@e@WOMCUCg@i@
70,71,弥谷寺,いやだにじ,剣五山弥谷寺,真言宗善通寺派,千手観音,香川県三豊市三野町大見乙７０,34.22994444,133.7245,0875-72-3446,4.0,約4km　(国道11号、県道48号）,50,境内まで徒歩約25分　有料道路で上の駐車場まで行けば境内まで徒歩約15分,高松自動車道三豊鳥坂ICから国道11号、県道48号経由で約5km,JR予讃線詫間駅からタクシーで10分,なし,和,,3500,go|oE_aeoXf@h@D@\DVNb@d@Td@R\@R?v@FZLVl@|@NJFEEMMQKa@Ek@@[BK@CD@@FNt@DJHC?ICs@DMDDPbAFBDABE?IE]Dw@HGB@DNPl@Hl@BBH?BC@_@BgACk@Fk@Ec@GOEQ@EF?VFNb@Lb@L\b@`@l@f@P_@XYtAmARI`@Gb@@\H~At@hAj@z@v@PV`@r@bCdF^t@X`@^`@`At@HCLAV@VKd@a@XSFAFB@GJ[x@gB~A_Dh@aAJAR?Dg@HmADyADmDEkBIi@Ys@sB_Dk@iAOc@Ki@Co@@c@P_A\s@j@m@pAu@TIR?PBP?TKZs@t@gATc@Re@Nm@Hk@Fu@ByAHqDBUDSJMi@s@e@k@u@{@sEeFc@i@MSkAuAw@y@a@g@_@o@e@iAWo@k@cBcAgDm@gBYcAK{@Ak@Bq@^kEBk@Ae@E_@Mm@Ug@]_@eD{By@m@KG@C?IGm@Q{BIiAKoACU\_@d@}@Ta@FO@WBi@\[FSN}@Ly@J[LQr@a@DKBOAi@CgBl@aAfAeAYUKOG[BaAAk@KuAAWAQRCtAEH?
71,72,曼荼羅寺,まんだらじ,我拝師山曼荼羅寺,真言宗善通寺派,大日如来,香川県善通寺市吉原町１３８０－１,34.22344444,133.7501667,0877-63-0072,0.5,約0.5km,10,境内まで徒歩1分,高松自動車道三豊鳥坂ICから国道11号で約5km,JR土讃線善通寺駅からタクシーで15分,なし,和,,400,mg{oEo_joXbBEl@MJKp@O^CNBp@PP@XCd@Mf@Q`@I^E`@UHKJ]dAGjAW^ARG`@i@HUJALEFARJ^XDPG|@L\
72,73,出釈迦寺,しゅっしゃかじ,我拝師山出釈迦寺,真言宗御室派,釈迦如来,香川県善通寺市吉原町１０９１,34.21927778,133.7501111,0877-63-0073,3.0,約3km　(県道48号）,10,境内まで徒歩3分,高松自動車道三豊鳥坂ICから国道11号経由で約5km,JR土讃線善通寺駅からタクシーで15分,なし,和,,2300,skzoE_cjoXMY?GFe@?UAGMQ[SMGKBMBG@DSHYHWMUSu@c@oBWDMAa@Ie@S_A]y@QCNCNEJGBKCSEoAKaF_@OBODMJYBS@?e@CgAMkACECHMPMJKBm@Vc@TGO_@m@}AoCq@mAg@eAgA{BSY[c@M_@UiA[k@y@qAM_@Q_@KOQQU_@Mg@EGO@wAZc@FO?OE[WQc@]eAGIQCOHSRiAt@q@`@IBAIs@`@IOKQi@oAo@aBi@sAk@mBcDyJUo@CD}AcEgAoDc@cASYkA_Aa@g@OYKg@I]UKI?w@PMq@AWD]Tm@
73,74,甲山寺,こうやまじ,医王山甲山寺,真言宗善通寺派,薬師如来,香川県善通寺市弘田町１７６５－１,34.23322222,133.7658056,0877-63-0074,1.5,約1.5km,100,境内まで徒歩1分,高松自動車道善通寺ICから国道319号、県道48号経由で約3km,JR土讃線善通寺駅下車、タクシーで10分,なし,和:洋,,1600,oe}oE}cmoXr@wAVa@g@e@DEl@q@b@g@v@}@h@w@XSTKROBIVITE?]?a@BUJa@Zc@DOCQUg@FENGv@SKo@Gc@YwBbCm@Ga@HCCUOeAI{@Aq@Ae@AKFGJGNGfCm@pCs@lA[lA[jAYLIACXMLG~A{@rAk@~@m@nAu@v@g@zA_AJ?FRTn@Pd@]P?FHRJV
74,75,善通寺,ぜんつうじ,五島山総本山善通寺,真言宗善通寺派,薬師如来,香川県善通寺市善通寺町３－３－１,34.22511111,133.7741389,0877-62-0111,4.5,約4.5km　(国道319号）,20(\200),境内まで徒歩1分,高松自動車道善通寺ICから国道319号経由で約3.5km,JR土讃線善通寺駅下車、タクシーで5分,税込み1泊2食付5，800円（要予約）,和:洋,,3800,yr{oEuvnoXWo@^Ua@kAM]K?}@h@iAt@_Al@Y_AYLg@PiA^m@RMa@Qi@SFm@Pk@PqFuOAOy@}BkAgDK_@o@PGQIDgBiF_@cA}A}Es@kBWNm@`@eCxA_@RyD|BiBtAuA|@sEdCiAb@a@L[F_BLiDBm@Im@@mD@aBBe@BeAPa@Pm@\cAn@}Av@a@TKB?EG]I[oAmDaCyGs@}Bg@gBWkAKQK[]y@IQiAl@i@XeFpCEIu@`@ABGM_@s@Ua@Wi@MOi@Sk@[c@a@y@qAo@`@{Az@e@kAEIAAG?OCOYCD_Af@QHg@@g@LAC]JaA\ULUT_@`@]RFJNPLHn@N
75,76,金倉寺,こんぞうじ,鶏足山金倉寺,天台寺門宗,薬師如来,香川県善通寺市金蔵寺町１１６０,34.25008333,133.7809722,0877-62-0845,4.5,約4.5km　(県道25号、21号）,50(\200),境内まで徒歩1分,高松自動車道善通寺ICから国道319号経由で約1km,土讃線金蔵寺駅下車、徒歩8分,なし,和,,3900,cm`pEoepoXu@QWYGKKDe@PWNg@Z@J@BIB{@RiBb@iD|@kD`AyBb@kEnAgAZsARqFEq@?c@Fs@Fu@TmAl@uBfAiAn@y@d@SLK?yA[UCK@iA`@iCbAeA\sAZiAVcADgBFg@Ce@I{A[W?}Dp@_BBSCLnAHp@ZpA`@xB_@f@WXUNq@\_Al@wAlAiCjB{A`ACEq@`@SNcAn@uA|@gAl@uCdB_Ah@h@bBqBdAED@TeDhBu@f@ABb@`BXx@^v@Vp@PbAHj@EBw@l@}@~Ac@l@uBdBkBdBs@bAeCfDm@v@GJGBsAh@_@PKDKE{C~AuAp@CNZbARp@DDOn@ELMHUJ
76,77,道隆寺,どうりゅうじ,桑多山道隆寺,真言宗醍醐派,薬師如来,香川県仲多度郡多度津町北鴨１－３－３０,34.27680556,133.7627222,0877-32-3577,7.0,約7km　(県道21号、33号）,30,境内まで徒歩1分,高松自動車道善通寺ICから国道319号、県道25号、21号経由で約5.5km,JR予讃線多度津駅下車、徒歩15分,なし,和,,7200,_tepEiploXZOJKFa@DW?AOa@K_@Uu@BOVKq@gBEYe@R}AMq@Ci@?IBM]iAoDs@yB_@eAK_@m@oBiByFqDeL_EcMQg@Us@q@sBu@oBs@sBMQqAgD{B_GK[a@gAm@wBi@wBi@kBqBaGk@wB}AeHe@mBa@kA{BgGi@oBKq@WgAI_@MmBSeBOgAkAmEcAkDIDMe@w@{CK_@q@oBg@kAEKDAp@a@d@YNKIa@MkAUsAMi@AWMw@YmBU{@Wk@Me@oAiEuB{H{AuFqC}JiAuD{DeNwCeG]s@e@w@m@y@OUAIa@[}@w@mAmAe@a@_Aw@uDmDeE_EgAcAQIu@o@MSi@s@}D_EaC{BcAcAoBgBoK_Kw@u@}B}AiB{Am@k@FMIKkAuAQMgDeD_BkBaAaA{@q@a@m@ACBI@CACEK{@s@w@o@MKJSPk@Rq@CEIKEI?G?k@C{@Mo@G]MYHe@Jo@RuAXeG@eCEw@Iy@G]d@WXMDIA]]{AKa@z@q@j@hAn@k@b@_@FJHRFPXt@Xh@L^@RCXQH{@v@
77,78,郷照寺,ごうしょうじ,仏光山郷照寺,時宗,阿弥陀如来,香川県綾歌郡宇多津町１４３５,34.30672222,133.8246389,0877-49-0710,6.0,約7km　(県道33号）,100,境内に隣接,高松自動車道坂出ICから国道11号、県道191号経由で約2.5km,JR予讃線宇多津駅下車、徒歩20分,なし,和:洋,,5900,eokpEouxoXz@w@PIBYASM_@Yi@k@{AOc@U_Af@e@FKy@gBe@iAUa@Qi@MOKBMJS@GCIGU]MQK?]@CWCWWEEEAG@]?g@Em@QiAYaAmAcC[kAMs@CMC@w@Ne@JCgABs@H[Vi@^q@h@s@|@_Af@[Go@Ee@Ck@Ew@Ae@?YJgAHa@FAEwASw@Ae@yAGBKVuAHi@D]B_AC{@YwAm@oB{@kCy@{BSOOCKB]Re@Pa@qB[{@o@sA_A{B[{@{@wCo@iD]mBQcAgAeH}@cGUoCIuAEaACcA@wBHoJ?eCEyBWmJ?YEMASGcBAIIOSGs@?KACE?Y?mA?}EEiDKgCE[?UJgAToAD_@@m@C_@MoDo@gPy@cUQ}ESoIIaCi@]i@_@YWMURqH?]P[Rc@@UI{@IqAAa@F_BFkCDa@FUJSD[BGRMJQd@wARaAj@}BFc@LQb@{@f@m@hA{@`BoARQEQCWMm@@g@?]fAcAhB_BYeA_@aBSkAIeBAeAdBDr@CXCREHh@DZ
78,79,天皇寺（高照院）,てんのうじ,金華山天皇寺（高照院）,真言宗御室派,十一面観音,香川県坂出市西庄町１７１３－２,34.31094444,133.883,0877-46-3508,7.0,約7km　(県道33号）,5,境内まで徒歩1分,高松自動車道坂出ICから国道11号、県道33号経由で約5km,JR予讃線八十場駅下車、徒歩3分,なし,和,,6750,uklpEi_dpXkAcIeAmI_AgH?q@X}B\sCXwBkAYMCBOLaAH]D]^wC\sCBOOCJy@NgAt@iGtAcLrEe_@X{B^sAb@}@z@iAdAgA~AeBdBgB~BeCVW_@u@aAgB[k@HI~AsA`G_GlAsAr@}@z@uAdAwBvAkDj@mAf@uArBsG^oA`ByFECx@kCf@gBCEMYW_@ECvCyIDYJMVs@L_@^}@nAeCfBkC|@gAhAkA`DwCpBsB|@kAn@aAb@{@n@uAj@}APo@b@oB\}BRcCFaC?{BMiCIaA?MHCI{@CYIkAIyAI_@Ga@?YJg@TeAIiAG[Os@Ak@Bc@D[?UEK]e@IUAYBgADi@@YIMUOSW[m@e@iASa@OMQGq@OEIAQBmA@q@KSgAM]K{@]o@MSIKKe@s@gAkB_@w@Mc@Gi@c@eC[eAi@wAOg@q@eBSs@QwAk@yDKeBUcAYmAGu@CeA?w@?OGC?G?oAaB@gDB
79,80,国分寺,こくぶんじ,白牛山国分寺,真言宗御室派,千手観音,香川県高松市国分寺町国分２０６５,34.30330556,133.94425,0878-74-0033,14.0,約14km　(国道11号、県道187号、180号）,20,境内まで徒歩2分,高松自動車道高松西ICから県道12号経由で7km　高松自動車道高松檀紙ICは、国道11号経由で約8km,JR予讃線国分寺駅下車、徒歩5分,なし,和,,6500,wxjpEc~opXnFEX??F?nAFHAX@x@DdAFh@^|APfAFtAl@zDRtA\dAh@zAL\j@zAZhALv@Jj@BZHh@L\l@jAlArB\`@^Hb@L~@^b@Jp@FNFFPGtA?p@BHJH~@TPRZt@Zt@`@r@RRPJBJCb@GjA?d@DVNTT\BRAVG^?RBv@Pn@DZDp@?X[pAC\Jx@F`@LlBDj@Fx@BXIBBZJdBFnB?bCI`CU~Ba@`Cq@dC{@|BoA`Co@~@}@fAcC`CyDrDoAzAu@bAu@lAy@`BYn@]x@Yx@CJU@e@@e@BWDs@\gBhAqA|@kGvEk@\aBl@kA`@_EpA{QhGwC`ASHMB]A{B?uBBsAH{@LqCh@w@XyA|@qEpCuAb@{Ct@aCj@aARe@Fa@B_B@uABgADe@Am@Iw@_@YYu@cA}AsB_@W_@M_@C_@BqBn@C@QIa@Sa@YWIw@EaASaBAkADe@JuALMA_@Mw@OWE{@?Q?}@AuAAWBo@RaAb@UHgMzFgGpCEAiAf@IDq@cCMQ[K[Bm@Ac@WWGkAJe@?oAPWPg@RQRKLMHs@DM@QFq@\]L}A@_@C[IKSKMa@Ii@Ca@?GeFAo@I[s@u@y@s@]Y]Iy@I{@E_A@g@Dc@J}@ZoAf@c@FS?WAa@Ic@UWUw@y@e@q@[_AIc@CaA@iB@uAGaAIo@?SD[b@aAHY?QCQYm@e@y@Og@Ae@BULg@Vk@Lo@A}@CgAJgALk@Vo@X_@l@k@j@[dB_@bD{@TONS\}@Nc@NSx@o@HU`@sA`BeCf@s@FO\cALGJ?JJFVCJm@r@uAxBS`@Of@QrAOh@o@fAQdAIl@MZg@z@k@f@{@b@c@X_@d@Sh@WvA?t@Fv@\nBNh@PXRN^@zDg@jM}A`AKxA_@XMLMDW?UKYKKOIcAYWBiAXw@Xy@PyAPoDTiALMGIW@QBIFGNAR@d@HL@`@E`AM|@Sl@OZMZSd@c@rBeCt@o@r@c@XK~@K|@Gh@?j@Hn@XxA`APDJ@XEpBeAl@]RULg@D{@Ha@L]^[pBgAz@g@HK@SGQQOUDi@h@i@`@gBv@cA^kC|@_APi@Be@CoAWa@G_AGiBIaAQMEIIAI?W@IFENEF?De@Fi@LaA^q@Tg@H[`@{BBc@IUReBC}@@i@LiATy@Le@BQ?OGY]u@K@W?KH
80,81,白峯寺,しろみねじ,綾松山白峰寺,真言宗御室派,千手観音,香川県坂出市青海町２６３５,34.33441667,133.9271389,0877-47-0345,7.5,約8km　(県道180号）,100,境内まで徒歩5分,瀬戸中央自動車道坂出北ICからさぬき浜街道、県道16号経由で焼く10km,JR予讃線坂出寺駅からタクシーで20分,あり（10名以上）,和:洋,,5000,yzppEsolpXNKJ@PCBBZr@FXC`@Y`ASjAEx@Bt@El@MjAFL@TQnA]|Ak@hAOb@OvAEd@I?IBMJAVFT`AVfEV|AZXBj@@hAQlBo@zAi@~Aq@n@_@p@o@XOHBLJBB@VERu@b@sBfAg@`@M\I`@Ez@Mf@STm@\qBdAYD]GyAaAo@Yk@IgBF_AJYJs@b@u@n@sBdCe@b@[RiA\_C`@o@By@KO@KPAPHVLFhAMnDUxAQpBk@hAYVCbAXZTJX?TEVMLYLyA^aAJ_Fl@kFn@{Df@_@ASOQYOi@]oBGw@?u@VwARi@^e@b@Yp@]l@e@f@u@Zy@NyAN[T]Xm@PoAJk@Pc@t@oAvAkBBKCWKMKCMD[~@[j@kBpCUd@Od@Oj@g@b@]ZMV]~@MZWT[LkCp@eB^YJk@`@u@~@_@hAKl@C~@Bj@@`@Ex@i@vAI~@Nl@|@`BFT@VALg@dAIl@PzBClD@|@Dl@V|@`@r@v@z@v@n@b@NTDv@CbA[rAi@|@QlACz@Bj@DBd@DbAF|AJlADp@?j@mA@c@@KK]C[H}Ad@yFnBcA\WqAGWa@oB[gAWa@o@w@m@w@g@cA]cA[o@wBaD_D_F_BaCi@OFWBQBk@CaAAeAJoA\}I?UDMZk@bF{JhDwG|EoJh@sANq@L_AB_BMiB[mCCkBFeAToAt@yCH}@D]@w@G{AUoAc@oA_@k@u@y@u@e@_Bw@g@Yk@g@]a@k@cA_@kAg@eD[}Bc@yBq@{Bc@gAsAsCgCaGwDyIkIgRsH{PwG{NeEeJcCkFu@oAw@iAeAoAaA_Aa@]aAm@gA]iC[qBUaDQkDEkC?o@Aw@I{@SaAa@e@[g@g@w@eA_@}@Sm@Ou@Gk@KwAA}A@qAHoBDa@DYBGPSd@iAd@w@|@cAhAo@NILO^a@XODd@L\LPPN\Jt@Jd@@`AAdAInBEb@?`AHhAC~@UN?PNBNAJGFu@P{DlAwFfB[H]R]ZW`@[r@St@?ZHFH@LIP_@Ls@NWLKd@QzAM~CCd@APBR@fAMxAMbAQzCs@`Ca@zEGt@Kb@GdAc@p@o@`@{@^g@bAeA`AmA^Yt@Uf@GdAAl@?XKVa@N}@Jw@Hq@`@mAZm@PSPWBYB{@H[VSz@YdAK~@@dC\j@NVLTR\`A?RUbASd@[Xk@LSD@JaBV}AJm@DGJ?DBHLFdBd@f@PLR?RMNWFc@Ao@BMTC`@Dh@LnAP|@FAP?T@l@JnDZ
81,82,根香寺,ねごろじ,青峰山根香寺,天台宗単立,千手観音,香川県高松市中山町１５０６,34.34441667,133.9606389,0878-81-3329,13.0,約18km　(国道11号、県道12号）,20,境内まで徒歩3分,高松自動車道高松西IC、もしくは高松自動車道高松檀紙ICから国道11号、県道180号経由で約15km,JR高松駅からタクシーで30分,なし,和,,13200,e|rpEs_spX`BJbAOl@Er@Bp@Hv@X~Av@r@^XJh@Bj@AfEM`AIf@Op@c@d@Q^APg@ZuALm@LSd@a@l@]l@YR[RwBFUd@}@HU@]OmBAu@Nm@z@{@^Mr@CTALIDSASoAuDaAaBWe@OmAQUcAm@c@i@Wi@QgAAk@BYj@iBLSVSTEb@Br@Jl@`@j@f@nF~Db@^H`@@p@H\`@\XPZRRBzCInBGx@Qz@W^G`@HNL`AxAv@bALTJBBA@MOOSSMSQg@[aAAQF[BUEWMQYCSKGYJSNETHTX\\HVBTG\ATDNNTTPh@BhA?HGBMEKKIu@Pa@DUMIYB_A@qAGa@O_@W]qBmA]Oi@I_@CKOA[HORGt@L`ABn@C^I\Kp@SVBx@z@HDNBHKCgALuAR_Ah@_Ap@w@l@m@VQDA@JhBa@ZE`@Gb@GAKPELC\Y^a@Zc@Ra@FYReATiB\cEJkBG}@U_AWs@Q[Wg@?SLQVA\T\Dl@?`@FJ?DCDSEMSEeAI}Bs@a@OQMKi@Hy@AY]WqAk@_@UMWCg@NaA?WEI[IWB[?MIIMGgAIgAP@DJH`@HLDAd@{AV{BGu@Aw@FiABo@P_GBk@DUvAoBh@q@`@[`AcAT]h@[l@KNId@e@r@i@TOFA@KLa@P_@T_@LKTONc@b@mAZaALoA\qBPo@Vu@d@k@@BTYNSRm@P}@f@sDp@cE?IJ?h@EV?z@Nn@L@KRD`@HlAVjAR|BPj@BtAZFCFy@xATr@Fn@LD@BOJ_@p@f@Vm@XyABWEW?e@DiABa@H[h@kA^g@^mA@C^NTHJWT_@Xc@P[Ni@HcAJw@ZmALq@Am@Fk@Pq@Dk@\DhBVfAJLC~AJDeARu@`@}AF@BEBEJc@VaATeADKFA@ULw@ZyCBk@ZwCPiAR{C?UL}@Dm@HkAJ[NyAH{ALgABeANsA?WDEPeAFWCIJMf@y@~@eAJQD[JSt@Wz@]BER@|@@hADBSHC~A[|@Sl@G^AREzAw@j@MfB[H@@KBC@S@?@A`A?Bg@zD^x@D?MNB^BZ@vA@~AFl@?~@MpAS`AWNGHA?C?ANQd@Y\MfH}CbEoBxBwA|DgCdDaBvD{AdBe@H@B@n@MtC_AVMpDu@~@OD?ZGb@MnA[NGJODGr@]`@QPSz@w@b@aAHMl@c@p@_@p@ShCk@^Ol@WNKJD\Od@[\EhEe@?oECkNDyCTgCZiBj@wBvEsLfAoDPu@Ha@b@L`@HNGt@KJE@E@Mv@o@l@e@?EJCz@KlAOFc@Vq@GaBL}BBeA?G
82,83,一宮寺,いちのみやじ,神豪山一宮寺,真言宗御室派,聖観音,香川県高松市一宮町６０７,34.28666667,134.0265556,0878-85-2301,17.0,約17km　(国道11号）,60,境内まで徒歩3分,高松自動車道高松西ICから県道12号経由で約4km　高松自動車道高松檀紙ICからは、県道12号経由で約5km,JR高松駅から高松琴平電鉄で20分、一宮駅下車、徒歩10分,なし,和:洋,,14100,msgpE_a`qXBkA@EyAQm@Ko@EcAOq@cA@QMEYg@UWKAM@KAO]AEK?a@@mACcAKwC[@MI?u@IsBYiIoAgAO_Eo@eBWaBU_B]eBo@uPiGoDqAoBq@k@O}E}@cCk@yB_@aI}@kJ_AuBQwAQIEy@QuB[e@EaDa@iA_@oB_AALUIe@O{@QoA[oCq@kDw@y@MwACuDK{@GKAEKI]GGGKMWIWGg@MeAG_@Uo@Sc@[a@CBKSSe@O?q@A_@?IC@KQAk@Kw@OMA_@BEA@y@Ae@CUM_@MWSUq@}@q@eAQc@a@iA}@}C[qAUgBEe@cAoFAKk@GDm@XyBbBeIReAD]D?@QLSHOVq@F_@H_C@sBC_AGk@Yq@{AuBa@[QGY?C??MD][Kg@Kg@Sk@[qA}@{A{AwBmB[[s@e@w@g@}@aA}@s@aAc@{@i@gByA}@]cCqAkFwCiBmAgBsA_@_@cAsAcAqAw@w@OKMEa@WCs@QUy@y@}@_Ac@o@Wg@OC@MJoAaE_CgBcAk@Uo@Uc@EYIm@[iAWe@MOJGIm@QKCo@Oo@Wm@m@_AaA[g@Wo@Qm@KQAMHoBOAK??FGCGEU{@i@{BkAgEq@}BCMGU]CG?CIYu@a@iAQ]k@gA}@aBUUgAs@MM@e@?e@D[f@cBa@GSICC@EKG[OIIFw@XaE@GE?mC]KABQB{@DqBDqCDaAByACqBM_Ci@gF{@kHS_BGc@Gq@[wCUwCMsDAeBBsGDkMHyWNah@@qGBmDGyG?c@A]CeBo@BC?GwAGoAAW[}BQiCCaCIkFEqGo@@@KC[Q[EDEGIOCS?e@WsDOw@CWAm@Fu@?Y?GI?qBA?QU?qCCiDCU?[IOKSWOi@?{@BGHmAFcA?UEQAMOsAO_Aa@gAm@{@_@a@]Y_Ag@kAo@oC{AaAg@cA_@y@SyCi@_F{@g@@_@J_@VcApAs@|@y@b@i@N_ALeC`@iDl@sATa@Pg@f@y@xA_AfBk@`Aw@v@oBfBoD|CkDzCiEvD{@r@YLODS?_@Ce@Q}As@k@Ii@Bi@RgChBuCxBa@Vq@Ro@@kBEeBGiAAaAHg@NaA`@a@TSNEHG\Hp@V`AHJNHV@~AQt@GhA?dBDl@Cr@Oh@Mb@Ej@@d@FtAV\RV\Pd@`@|AJb@LZ\Zp@Nh@`@HJG?UIYUWIO?GNEb@H`BRdB@n@Ap@@vAB^R^JLPBz@Fb@NFLN|@?NEPIXQl@@NJHRDh@Ch@MTSj@o@p@}@RWF]DoAF}AA{A
83,84,屋島寺,やしまじ,南面山屋島寺,真言宗御室派,十一面観音,香川県高松市屋島東町１８０８,34.35780556,134.1009444,0878-41-9418,7.0,約7km　(国道11号、県道36号）,400,境内まで徒歩3分,高松自動車道高松中央ICから県道43号、10号、国道11号経由で約13km　,JR高徳線屋島駅下車、タクシーで15分,なし,和:洋,,5400,glupEgrnqX@zAG|AEnAG\SVq@|@k@n@URi@Li@BSEKIAOPm@HYDQ?OG[Ga@GMc@O{@GQCKMS_@C_@AwA@q@Ao@SeBIaBDc@FON?VHXTTHF?IKi@a@q@O][M[Kc@a@}AQe@W]]SuAWe@Gk@Ac@Di@Ls@Nm@BeBEiA?u@F_BPWAOIIKWaAIq@F]DIRO`@U`Aa@f@O`AIhA@dBFjBDn@Ap@S`@WtCyBfCiBh@Sh@Cj@H|Ar@d@P^BR?NEXMz@s@hEwDjD{CnD}CnBgBv@w@j@aA~@gBx@yAf@g@`@QrAUhDm@dCa@~@Mh@Ox@c@r@}@bAqA^W^Kf@A~Ez@xCh@x@RbA^`Af@zEjC~@f@\X^`@l@z@`@fAN~@NrA@L?DFANENGh@KLAGq@C[BGJQLOTWb@WHEEIKMWWGEFa@X_BJIj@MDAAQ?MI]Gg@Ak@?e@LY@KOMQc@GSBGBKDCj@OBEDYAkAEgAS}@CMRGHEIe@C]Mo@WoAc@qA[u@[e@GKZWi@y@_BwByBqCh@SOm@_BgFMa@GMNaABq@?KGKHg@Fi@EOMaAASAOS@GaA@y@De@Bs@C_AQo@AM?c@@KEoB?y@Ay@n@]TEXoETqDhAcQhAgQBs@Jq@Ri@\o@b@m@QWGGk@aAEGAE`@g@JMV_@[a@SYc@i@oA}AyBeCk@u@_B_CqAu@BIIEKGWUa@]KGAKIYe@wAGSZm@IMYaA[u@Ec@?cAC}@Ec@?QIIWa@c@c@Qa@C_@GSaAu@[OKKISMw@U[ICk@Mq@CUSGKGGBEGWWqAe@gAISCUMuADGFA\JBIWi@KIQIWAUEEEIOUy@MIUCI@YJ[PKVS\OHSAc@Um@Ca@Gk@KWMYAm@Ia@AQBILETBd@BFBBRFJJFBFHHTLj@F`@Bj@EJWZQ\Kb@C\?ZEROV]Ng@Be@@IBKHi@|AQd@SHS?mA]e@Ei@COBc@NkCrAaAn@[VCDE\Ef@IRGFU@QEa@i@OQQGc@?OBQHa@^SF[Aw@GK@GDEJEf@CHINQFSEy@iAUUQKe@QO?K@KJu@~@
84,85,八栗寺,やくりじ,五剣山八栗寺,真言宗大覚寺派,聖観音,香川県高松市牟礼町牟礼３４１６,34.35977778,134.1401389,0878-45-9603,7.0,約8km　(国道11号）,100,山頂駅から境内まで徒歩5分,高松自動車道さぬき三木ICから県道38号経由で約10km,高徳線八栗駅下車、徒歩25分で八栗ケーブル登山口駅,なし,和,,6500,_tupEejvqX`AkAHMFAJ@PF`@PTRx@fADFFBL?JIFg@Be@FEJELAL@RND@VBVARI^]RIVCZ@TJ\f@PPF@NCJIDQB]J_@FKx@m@pDmBXKTET?h@Ff@Hl@PRDTAJOl@mBLSDEHCh@?d@CZMP]FeAJc@R_@VYBKAYG_@Km@Ma@AASKa@QCCEU?_@HYJOTEL?RFl@HR?^Lh@J`@Fl@Bd@TP@LIP[LWZQZMFAXBNJHRLj@FJDBj@BPJTFf@S`@K\Gr@]P?PLZf@H?FC\e@`@KTYb@i@p@]n@GnAe@XEp@@RA^Ir@Mr@Gl@K`AS`@EJCp@[TONO\{APKDAIQE_@AWA_@?i@F?AWAaACq@IeAOy@Ee@r@GhAGGmB?[FIDDTPd@Vr@R|@D^Al@Mf@Qt@_@nAs@h@_@l@[VOZYZQ^OXQf@_@j@k@nC_D`Ay@n@a@vBqAl@c@Tn@FHHC|@y@hAeAnAkAP[Dk@FKV@DEL@JCF?DO^mAZy@j@}@l@m@TO\QdAg@fBe@vBq@lBg@rA_@PGAUBm@Rk@f@o@`AaAVc@TU`Ag@^SjBeBxAgBjAsAp@eA`AaBT[FOP}@nAmBj@_ANMEUBYl@q@jDoDb@k@dC}DXk@X}@^sApAeF?Mg@iBAEz@{Fn@mDP{@Vk@XeA^uBNqADkAHmD@_ACE@sBC_A]yHQwBUoBm@yEIaAq@yEQ{@FCCIKc@JGHE@IHMLE`AGP@DJDRFF
85,86,志度寺,しどじ,補陀洛山志度寺,真言宗善通寺派,十一面観音,香川県さぬき市志度１１０２,34.32433333,134.1796667,0878-94-0028,7.0,約7km　(県道3号）,30,,高松自動車道志度ICから県道141号、国道11号経由で約3km,JR高徳線志度駅下車、徒歩7分,なし,洋,,7000,k}npE{`~qXCAGOESICuAJIHIPQJNn@N|@n@vEDRHl@XC`CUjAMrCStFEfB?L??IBGPBfBBhB?tD?xBKn@G~@ORMRATIxAq@t@WdAg@bAg@`@Y|@_@\MTGfBc@pDo@jIoAbBOv@Kj@Ij@OXBd@Ib@@tCGnFOfAA`@@zAPn@RdAd@lBn@bAXnE`AzCn@dCj@f@Pt@Z`A\~@PfAB|CApDAbKOzBEnBOzBEbADfBPnDn@zAVvD`AtCt@|Cz@`Cv@`NlEfEvAz@T|AVlAJ|ADjHTl@FPCf@@p@Dj@@tABxCJdFN`ABbAAj@Gh@MPIZOBHDN@N|@Hh@FDFCl@AxAPx@N^^^H@ZA|Cd@TH@D`AN`@Df@`DNnADbBn@E`AA|@@d@BhBVnAHrBJ`AJZD?Pt@Ft@HlBD~@D~AIpA?n@ElE?r@@JAHGLa@bAEbAE`ABRATEr@YJCbACV?@a@|AJb@@lAKpDBH??LAb@AbBA^w@GUAAA@m@
86,87,長尾寺,ながおじ,補陀洛山長尾寺,天台宗,聖観音,香川県さぬき市長尾西６５３,34.26680556,134.1717778,0879-52-2041,17.0,約17km　(国道377号、県道3号）,50,境内に隣接,高松自動車道志度ICから県道141号、37号、3号経由で約7km,高松琴平電鉄高松築港駅から40分、長尾駅下車、徒歩3分,なし,和:洋,,12300,utcpE{k|qX?n@lAH?Rb@?dABn@E^@HD|BDzDA`CAvCHtEPp@WbBATC~BLn@?n@GTKfAONAFi@?}AzEs@pBDnABxASb@Cn@F~Cb@`CLfFa@jGYtFz@dALr@@|@GlAUfO}EtIoC`EkAhBa@bBUfFi@pI{@v@El@Dr@JvA\fElBfPdIhJxElAj@n@P~@Lv@?|@K~Ac@~DmAnA[rA@~@TbAh@|A|@~@XnAPpBGvCE`DQlDQn@Yt@g@l@Wv@Kh@?h@Kd@UVUd@e@\Sf@Oh@Gz@ETGZQLMJBf@Dn@ETOf@OH?HJTz@NHTGBMW_BQyAIg@DKNCFP?VJX~@hAR@XE^HZ?ZYLCv@Db@Eb@Dn@Rv@D`@Gj@Gf@Bj@EPCp@Df@Df@ZzAG|AOTUXk@n@k@FYIi@Sk@Ca@Rc@RULGLBBNCZI`@d@l@l@b@x@^LV?ZELWPMRDRTT~@z@^P^F`BEZNRRZDfAYjAGl@DVFP@DGCUu@_@w@sBG_@@ILEDBFTBNTZ^V\LTAZKTU?i@Es@BWJIXAl@Pd@Bj@GREl@Y\WPe@l@aAPsAZu@F[XS\WNSnAY`@HHJLTNHZKr@c@^Mf@D^DNLRb@TJf@HXNTVn@F`A@|@Xj@X`@Hz@BrANhBPxBVnAEdAG|@FpABj@@TLj@\x@Fl@Hf@E^Hp@XdAp@`@Nn@_AVWRw@b@k@p@}@HSXRpA^hBVf@A^Kj@c@xCkD|AcBx@_@n@Et@Hh@RrDvB~@\nAJhBJ`@Fd@PhGtCvBhA^Zz@dAHb@RVNIZG~@B?fA?v@JhAp@rBXp@HHVL~@LXAbA[r@Ux@?tBhAZJLJPPn@?`BDl@EdA]LYPuBTy@|@yA\i@^[LKBQ?QNSPi@VsAPo@rA{BZk@Je@BkGXuIJkBZqA\k@`@c@~Ay@lBs@jEgBjA_A`@i@j@sAVmAHaA@yDPy@Ru@T[j@[fBSz@Kd@Ov@e@jA]b@Ov@o@NULeA^iER_AZy@jAuBDcBIo@s@uA[i@IIa@Ym@i@k@O{@i@wAsAwAk@yEqBuC{@SO{A_DoBmCgCwEo@cAG[Eo@MW}Au@KMMeAMUUGk@W[k@I{@MWiBwAw@q@UE]KMQQs@MYaAc@k@c@Q]CQGQeAo@sAiAOUOo@Iw@B_@Cq@OiAa@w@kBwCmBmBi@m@Uk@EQMEgACe@Is@_@WYy@{@q@g@KOO_Aa@{A]u@Qm@@e@DIAOK_@Iw@Gu@i@eF[sAUq@c@?G??F?JNb@LXEC][_@IIBMV?JJDL@
87,88,大窪寺,おおくぼじ,医王山大窪寺,真言宗大覚寺派,薬師如来,香川県さぬき市多和兼割９６,34.19094444,134.2071389,0879-56-2278,60.0,約60km　(国道377号、318号、県道139号、12号）,50,境内まで徒歩2分,高松自動車道志度ICから県道141号、3号、国道377号経由で約30km,高松琴平電鉄長尾駅下車、タクシーで30分,なし,和:洋,,39200,
